name,weight,dimensions_length,dimensions_width,dimensions_height,model_date_begin,body_type,series
M140i,1510,4329,1765,1430,2017,hatchback,1ER
118i,1380,4329,1765,1440,2017,hatchback,1ER
118i Sport,1380,4329,1765,1440,2017,hatchback,1ER
118i Urban,1380,4329,1765,1440,2017,hatchback,1ER
118i М Sport,1380,4329,1765,1440,2017,hatchback,1ER
118i Advantage,1380,4329,1765,1440,2017,hatchback,1ER
118i SE,1380,4329,1765,1440,2017,hatchback,1ER
118i,1395,4329,1765,1440,2017,hatchback,1ER
118i М Sport,1395,4329,1765,1440,2017,hatchback,1ER
118i Advantage,1395,4329,1765,1440,2017,hatchback,1ER
118i Sport,1395,4329,1765,1440,2017,hatchback,1ER
118i Urban,1395,4329,1765,1440,2017,hatchback,1ER
118i SE,1395,4329,1765,1440,2017,hatchback,1ER
120d M Sport,1465,4329,1765,1440,2017,hatchback,1ER
120d xDrive M Sport,1550,4329,1765,1440,2017,hatchback,1ER
M140i xDrive,1615,4329,1765,1440,2017,hatchback,1ER
M135i xDrive,1595,4324,1765,1430,2015,hatchback,1ER
M140i xDrive,1595,4324,1765,1430,2015,hatchback,1ER
M140i,1595,4324,1765,1430,2015,hatchback,1ER
118i,1375,4329,1765,1440,2015,hatchback,1ER
118i Sport,1380,4329,1765,1440,2015,hatchback,1ER
118i Urban,1380,4329,1765,1440,2015,hatchback,1ER
118i М Sport,1380,4329,1765,1440,2015,hatchback,1ER
118i Advantage,1380,4329,1765,1440,2015,hatchback,1ER
118i,1380,4329,1765,1440,2015,hatchback,1ER
120i,1380,4329,1765,1440,2015,hatchback,1ER
118i Advantage,1390,4329,1765,1440,2015,hatchback,1ER
118i Sport,1390,4329,1765,1440,2015,hatchback,1ER
118i Urban,1390,4329,1765,1440,2015,hatchback,1ER
118i М Sport,1390,4329,1765,1440,2015,hatchback,1ER
118i,1395,4329,1765,1440,2015,hatchback,1ER
118i М Sport,1395,4329,1765,1440,2015,hatchback,1ER
120i,1395,4329,1765,1440,2015,hatchback,1ER
120i Advantage,1395,4329,1765,1440,2015,hatchback,1ER
120i Sport,1395,4329,1765,1440,2015,hatchback,1ER
120i Urban,1395,4329,1765,1440,2015,hatchback,1ER
120i М Sport,1395,4329,1765,1440,2015,hatchback,1ER
120i М Sport,1455,4329,1765,1440,2015,hatchback,1ER
120i,1455,4329,1765,1440,2015,hatchback,1ER
120i Urban,1455,4329,1765,1440,2015,hatchback,1ER
120i Sport,1455,4329,1765,1440,2015,hatchback,1ER
120i Advantage,1455,4329,1765,1440,2015,hatchback,1ER
120d M Sport,1465,4329,1765,1440,2015,hatchback,1ER
120d xDrive M Sport,1530,4329,1765,1440,2015,hatchback,1ER
M 135i,1500,4324,1765,1411,2012,hatchback,1ER
M 135i,1515,4324,1765,1411,2012,hatchback,1ER
116i,1285,4324,1765,1462,2012,hatchback,1ER
116i,1305,4324,1765,1462,2012,hatchback,1ER
118i Sport,1370,4324,1765,1462,2012,hatchback,1ER
118i Urban,1370,4324,1765,1462,2012,hatchback,1ER
118i Sport,1390,4324,1765,1462,2012,hatchback,1ER
118i Urban,1390,4324,1765,1462,2012,hatchback,1ER
120d Sport,1415,4324,1765,1462,2012,hatchback,1ER
120d Urban,1415,4324,1765,1462,2012,hatchback,1ER
120d,1415,4324,1765,1462,2012,hatchback,1ER
120d Sport,1435,4324,1765,1462,2012,hatchback,1ER
120d Urban,1435,4324,1765,1462,2012,hatchback,1ER
120d,1435,4324,1765,1462,2012,hatchback,1ER
120d xDrive,1495,4324,1765,1462,2012,hatchback,1ER
M 135i xDrive,1590,4340,1765,1411,2012,hatchback,1ER
116i,1365,4324,1765,1462,2011,hatchback,1ER
118i Sport,1370,4324,1765,1462,2011,hatchback,1ER
118i Urban,1370,4324,1765,1462,2011,hatchback,1ER
116i,1385,4324,1765,1462,2011,hatchback,1ER
116i,1385,4324,1765,1462,2011,hatchback,1ER
118i Sport,1390,4324,1765,1462,2011,hatchback,1ER
118i Urban,1390,4324,1765,1462,2011,hatchback,1ER
120d Urban,1420,4324,1765,1462,2011,hatchback,1ER
120d Sport,1420,4324,1765,1462,2011,hatchback,1ER
120d,1420,4324,1765,1462,2011,hatchback,1ER
120d Sport,1440,4324,1765,1462,2011,hatchback,1ER
120d Urban,1440,4324,1765,1462,2011,hatchback,1ER
120d,1440,4324,1765,1462,2011,hatchback,1ER
120d xDrive,1500,4324,1765,1462,2011,hatchback,1ER
M 135i,1505,4340,1765,1411,2011,hatchback,1ER
M 135i,1520,4340,1765,1411,2011,hatchback,1ER
M 135i xDrive,1595,4340,1765,1411,2011,hatchback,1ER
M135i xDrive,1595,4340,1765,1411,2011,hatchback,1ER
135i,1530,4360,1748,1408,2011,coupe,1ER
135i,1545,4360,1748,1408,2011,coupe,1ER
120i,1375,4360,1748,1423,2011,coupe,1ER
120i,1395,4360,1748,1423,2011,coupe,1ER
120d,1450,4360,1748,1423,2011,coupe,1ER
120d,1450,4360,1748,1423,2011,coupe,1ER
125i,1480,4360,1748,1423,2011,coupe,1ER
123d,1495,4360,1748,1423,2011,coupe,1ER
123d,1495,4360,1748,1423,2011,coupe,1ER
125i,1505,4360,1748,1423,2011,coupe,1ER
3.0 M,1570,4380,1803,1420,2011,coupe,1ER
135i,1665,4360,1748,1392,2011,cabriolet,1ER
135i,1675,4360,1748,1392,2011,cabriolet,1ER
118i,1495,4360,1748,1411,2011,cabriolet,1ER
120i,1505,4360,1748,1411,2011,cabriolet,1ER
118i,1520,4360,1748,1411,2011,cabriolet,1ER
120i,1535,4360,1748,1411,2011,cabriolet,1ER
125i,1585,4360,1748,1411,2011,cabriolet,1ER
125i,1615,4360,1748,1411,2011,cabriolet,1ER
120d,1580,4360,1748,1423,2011,cabriolet,1ER
120d,1590,4360,1748,1423,2011,cabriolet,1ER
123d,1615,4360,1748,1423,2011,cabriolet,1ER
123d,1615,4360,1748,1423,2011,cabriolet,1ER
118i,1480,4360,1748,1411,2008,cabriolet,1ER
118i,1505,4360,1748,1411,2008,cabriolet,1ER
120i,1505,4360,1748,1411,2008,cabriolet,1ER
120i,1535,4360,1748,1411,2008,cabriolet,1ER
120d,1585,4360,1748,1411,2008,cabriolet,1ER
123d,1585,4360,1748,1411,2008,cabriolet,1ER
125i,1585,4360,1748,1411,2008,cabriolet,1ER
120d,1595,4360,1748,1411,2008,cabriolet,1ER
123d,1595,4360,1748,1411,2008,cabriolet,1ER
125i,1615,4360,1748,1411,2008,cabriolet,1ER
135i,1675,4360,1748,1411,2008,cabriolet,1ER
135i,1685,4360,1748,1411,2008,cabriolet,1ER
135i,1560,4360,1748,1408,2007,coupe,1ER
135i,1565,4360,1748,1408,2007,coupe,1ER
120i,1375,4360,1748,1423,2007,coupe,1ER
120i,1395,4360,1748,1423,2007,coupe,1ER
120d,1450,4360,1748,1423,2007,coupe,1ER
123d,1450,4360,1748,1423,2007,coupe,1ER
120d,1455,4360,1748,1423,2007,coupe,1ER
123d,1455,4360,1748,1423,2007,coupe,1ER
125i,1480,4360,1748,1423,2007,coupe,1ER
125i,1505,4360,1748,1423,2007,coupe,1ER
116i,1310,4239,1748,1421,2007,hatchback,1ER
116i,1310,4239,1748,1421,2007,hatchback,1ER
118i,1340,4239,1748,1421,2007,hatchback,1ER
118i,1365,4239,1748,1421,2007,hatchback,1ER
120i,1365,4239,1748,1421,2007,hatchback,1ER
120d,1365,4239,1748,1421,2007,hatchback,1ER
120d,1365,4239,1748,1421,2007,hatchback,1ER
120i,1385,4239,1748,1421,2007,hatchback,1ER
130i,1450,4239,1748,1421,2007,hatchback,1ER
130i,1475,4239,1748,1421,2007,hatchback,1ER
123d,1485,4239,1748,1421,2007,hatchback,1ER
123d,1485,4239,1748,1421,2007,hatchback,1ER
116i,1340,4239,1748,1421,2007,hatchback,1ER
118i,1350,4239,1748,1421,2007,hatchback,1ER
116i,1365,4239,1748,1421,2007,hatchback,1ER
118i,1375,4239,1748,1421,2007,hatchback,1ER
120i,1375,4239,1748,1421,2007,hatchback,1ER
120i,1395,4239,1748,1421,2007,hatchback,1ER
120d,1450,4239,1748,1421,2007,hatchback,1ER
123d,1450,4239,1748,1421,2007,hatchback,1ER
120d,1455,4239,1748,1421,2007,hatchback,1ER
130i,1460,4239,1748,1421,2007,hatchback,1ER
130i,1485,4239,1748,1421,2007,hatchback,1ER
123d,1495,4239,1748,1421,2007,hatchback,1ER
116i,1320,4227,1751,1430,2004,hatchback,1ER
118i,1325,4227,1751,1430,2004,hatchback,1ER
118i,1335,4227,1751,1430,2004,hatchback,1ER
120i,1335,4227,1751,1430,2004,hatchback,1ER
120i,1350,4227,1751,1430,2004,hatchback,1ER
130i,1450,4227,1751,1430,2004,hatchback,1ER
130i,1465,4227,1751,1430,2004,hatchback,1ER
3.0 M,1495,4380,1803,1420,2010,coupe,1ER
218i Online Edition,1450,4526,1800,1420,2019,sedan,2ER
218i,1450,4526,1800,1420,2019,sedan,2ER
218i M Sport Pro,1450,4526,1800,1420,2019,sedan,2ER
M235i xDrive M Special,1645,4526,1800,1420,2019,sedan,2ER
M235i xDrive,1645,4526,1800,1420,2019,sedan,2ER
218i Advantage,1420,4432,1774,1418,2017,coupe,2ER
218i Sport line,1420,4432,1774,1418,2017,coupe,2ER
218i Luxury line,1420,4432,1774,1418,2017,coupe,2ER
218i M Sport,1420,4432,1774,1418,2017,coupe,2ER
218i,1420,4432,1774,1418,2017,coupe,2ER
218i Advantage,1440,4432,1774,1418,2017,coupe,2ER
218i Sport line,1440,4432,1774,1418,2017,coupe,2ER
218i Luxury line,1440,4432,1774,1418,2017,coupe,2ER
218i АT M Sport,1440,4432,1774,1418,2017,coupe,2ER
218i Sport,1440,4432,1774,1418,2017,coupe,2ER
218i M Sport,1440,4432,1774,1418,2017,coupe,2ER
220i,1480,4432,1774,1418,2017,coupe,2ER
220d xDrive M Sport,1565,4432,1774,1418,2017,coupe,2ER
M240i xDrive,1560,4454,1774,1408,2017,coupe,2ER
M240i xDrive,1565,4454,1774,1408,2017,coupe,2ER
M240i xDrive M Special,1565,4454,1774,1408,2017,coupe,2ER
M240i,1565,4454,1774,1408,2017,coupe,2ER
220i,1425,4432,1774,1418,2014,coupe,2ER
220i,1440,4432,1774,1418,2014,coupe,2ER
220d,1450,4432,1774,1418,2014,coupe,2ER
220d Advantage,1450,4432,1774,1418,2014,coupe,2ER
220d Sport line,1450,4432,1774,1418,2014,coupe,2ER
220d Luxury line,1450,4432,1774,1418,2014,coupe,2ER
220d M Sport,1450,4432,1774,1418,2014,coupe,2ER
220i,1455,4432,1774,1418,2014,coupe,2ER
220i Advantage,1455,4432,1774,1418,2014,coupe,2ER
220i Sport line,1455,4432,1774,1418,2014,coupe,2ER
220i Luxury line,1455,4432,1774,1418,2014,coupe,2ER
220i M Sport,1455,4432,1774,1418,2014,coupe,2ER
220d,1465,4432,1774,1418,2014,coupe,2ER
220d Advantage,1465,4432,1774,1418,2014,coupe,2ER
220d Sport line,1465,4432,1774,1418,2014,coupe,2ER
220d Luxury line,1465,4432,1774,1418,2014,coupe,2ER
220d M Sport,1465,4432,1774,1418,2014,coupe,2ER
220i,1475,4432,1774,1418,2014,coupe,2ER
220i Advantage,1475,4432,1774,1418,2014,coupe,2ER
220i Sport line,1475,4432,1774,1418,2014,coupe,2ER
220i Luxury line,1475,4432,1774,1418,2014,coupe,2ER
220i M Sport,1475,4432,1774,1418,2014,coupe,2ER
M235i,1530,4432,1774,1418,2014,coupe,2ER
M235i,1545,4432,1774,1418,2014,coupe,2ER
M240i xDrive,1560,4432,1774,1418,2014,coupe,2ER
M240i,1560,4432,1774,1418,2014,coupe,2ER
M240i,1560,4432,1774,1418,2014,coupe,2ER
M235i xDrive,1600,4432,1774,1418,2014,coupe,2ER
218i Advantage,1415,4342,1800,1555,2018,hatchback,2ER
218i Sport,1415,4342,1800,1555,2018,hatchback,2ER
218i Luxury,1415,4342,1800,1555,2018,hatchback,2ER
218i M Sport,1415,4342,1800,1555,2018,hatchback,2ER
218i,1415,4342,1800,1555,2018,hatchback,2ER
218i Advantage,1445,4342,1800,1555,2018,hatchback,2ER
218i Sport,1445,4342,1800,1555,2018,hatchback,2ER
218i Luxury,1445,4342,1800,1555,2018,hatchback,2ER
218i M Sport,1445,4342,1800,1555,2018,hatchback,2ER
218i Advantage Plus,1445,4342,1800,1555,2018,hatchback,2ER
218i Sport,1445,4342,1800,1555,2018,hatchback,2ER
218i Advantage,1415,4342,1800,1586,2014,hatchback,2ER
218i Sport line,1415,4342,1800,1586,2014,hatchback,2ER
218i Luxury line,1415,4342,1800,1586,2014,hatchback,2ER
218i M Sport,1415,4342,1800,1586,2014,hatchback,2ER
218i Advantage,1445,4342,1800,1586,2014,hatchback,2ER
218i Sport line,1445,4342,1800,1586,2014,hatchback,2ER
218i Luxury line,1445,4342,1800,1586,2014,hatchback,2ER
218i M Sport,1445,4342,1800,1586,2014,hatchback,2ER
216i,1535,4568,1800,1612,2018,compact_van,2ER
218i,1540,4568,1800,1612,2018,compact_van,2ER
218i,1565,4568,1800,1612,2018,compact_van,2ER
216d,1605,4568,1800,1612,2018,compact_van,2ER
220i,1610,4568,1800,1612,2018,compact_van,2ER
216d,1615,4568,1800,1612,2018,compact_van,2ER
218d,1645,4568,1800,1612,2018,compact_van,2ER
218d,1675,4568,1800,1612,2018,compact_van,2ER
220d,1680,4568,1800,1612,2018,compact_van,2ER
218d xDrive,1715,4568,1800,1612,2018,compact_van,2ER
218d xDrive,1735,4568,1800,1612,2018,compact_van,2ER
220d xDrive,1740,4568,1800,1612,2018,compact_van,2ER
214d,1410,4556,1800,1641,2015,compact_van,2ER
216d,1495,4556,1800,1641,2015,compact_van,2ER
216i,1535,4556,1800,1641,2015,compact_van,2ER
218i,1540,4556,1800,1641,2015,compact_van,2ER
218i,1565,4556,1800,1641,2015,compact_van,2ER
216d,1605,4556,1800,1641,2015,compact_van,2ER
220i,1610,4556,1800,1641,2015,compact_van,2ER
220i,1610,4556,1800,1641,2015,compact_van,2ER
220d,1615,4556,1800,1641,2015,compact_van,2ER
218d,1645,4556,1800,1641,2015,compact_van,2ER
218d,1675,4556,1800,1641,2015,compact_van,2ER
220d,1680,4556,1800,1641,2015,compact_van,2ER
220d xDrive,1740,4556,1800,1641,2015,compact_van,2ER
320i xDrive,1525,4709,1827,1435,2018,sedan,3ER
320i xDrive,1525,4709,1827,1435,2018,sedan,3ER
320i xDrive M Sport Pure,1525,4709,1827,1435,2018,sedan,3ER
320i,1525,4709,1827,1435,2018,sedan,3ER
320i,1525,4709,1827,1435,2018,sedan,3ER
320i Sport,1525,4709,1827,1435,2018,sedan,3ER
318d,1530,4709,1827,1435,2018,sedan,3ER
318d,1530,4709,1827,1435,2018,sedan,3ER
318d Sport,1530,4709,1827,1435,2018,sedan,3ER
320d,1530,4709,1827,1435,2018,sedan,3ER
330i xDrive,1545,4709,1827,1435,2018,sedan,3ER
330i,1545,4709,1827,1435,2018,sedan,3ER
M340i xDrive,1545,4709,1827,1435,2018,sedan,3ER
M340i xDrive,1545,4709,1827,1435,2018,sedan,3ER
M340i xDrive M Special,1545,4709,1827,1435,2018,sedan,3ER
318i SE,1565,4709,1827,1435,2018,sedan,3ER
320d xDrive,1615,4709,1827,1435,2018,sedan,3ER
320d xDrive,1615,4709,1827,1435,2018,sedan,3ER
320d xDrive M Sport Pure,1615,4709,1827,1435,2018,sedan,3ER
320d xDrive M Sport Pro,1615,4709,1827,1435,2018,sedan,3ER
330d xDrive,1615,4709,1827,1435,2018,sedan,3ER
330d xDrive,1615,4709,1827,1435,2018,sedan,3ER
330d xDrive M Special,1615,4709,1827,1435,2018,sedan,3ER
318i,1475,4633,1811,1429,2015,sedan,3ER
318i,1500,4633,1811,1429,2015,sedan,3ER
320i,1505,4633,1811,1429,2015,sedan,3ER
320i Sport,1505,4633,1811,1429,2015,sedan,3ER
320i xDrive M Sport,1525,4633,1811,1429,2015,sedan,3ER
320i xDrive Luxury,1525,4633,1811,1429,2015,sedan,3ER
320i xDrive Sport,1525,4633,1811,1429,2015,sedan,3ER
320i xDrive,1525,4633,1811,1429,2015,sedan,3ER
320i xDrive 100 Years Edition,1525,4633,1811,1429,2015,sedan,3ER
320i xDrive SE,1525,4633,1811,1429,2015,sedan,3ER
320i,1525,4633,1811,1429,2015,sedan,3ER
320i Sport,1525,4633,1811,1429,2015,sedan,3ER
320i SE,1525,4633,1811,1429,2015,sedan,3ER
320d,1525,4633,1811,1429,2015,sedan,3ER
320d M Sport,1525,4633,1811,1429,2015,sedan,3ER
320i xDrive,1605,4633,1811,1429,2015,sedan,3ER
320d xDrive,1610,4633,1811,1429,2015,sedan,3ER
320d xDrive Sport,1610,4633,1811,1429,2015,sedan,3ER
320d xDrive Luxury,1610,4633,1811,1429,2015,sedan,3ER
320d xDrive 100 Years Edition,1610,4633,1811,1429,2015,sedan,3ER
320d xDrive SE,1610,4633,1811,1429,2015,sedan,3ER
330i xDrive,1640,4633,1811,1429,2015,sedan,3ER
340i xDrive,1690,4633,1811,1429,2015,sedan,3ER
340i xDrive,1690,4633,1811,1429,2015,sedan,3ER
320i,1540,4624,1811,1429,2012,station_wagon,3ER
320i,1560,4624,1811,1429,2012,station_wagon,3ER
320d,1565,4624,1811,1429,2012,station_wagon,3ER
328i,1585,4624,1811,1429,2012,station_wagon,3ER
328i,1595,4624,1811,1429,2012,station_wagon,3ER
320i xDrive,1630,4624,1811,1429,2012,station_wagon,3ER
320i xDrive,1630,4624,1811,1429,2012,station_wagon,3ER
320i xDrive,1650,4624,1811,1429,2012,station_wagon,3ER
328i xDrive,1650,4624,1811,1429,2012,station_wagon,3ER
320d xDrive,1660,4624,1811,1429,2012,station_wagon,3ER
328i xDrive,1665,4624,1811,1429,2012,station_wagon,3ER
328i xDrive,1685,4624,1811,1429,2012,station_wagon,3ER
316i Special Edition,1480,4624,1811,1429,2011,sedan,3ER
316i,1485,4624,1811,1429,2011,sedan,3ER
320i,1490,4624,1811,1429,2011,sedan,3ER
320i,1500,4624,1811,1429,2011,sedan,3ER
320i Special Edition,1500,4624,1811,1429,2011,sedan,3ER
320d,1505,4624,1811,1429,2011,sedan,3ER
328i,1505,4624,1811,1429,2011,sedan,3ER
328i,1515,4624,1811,1429,2011,sedan,3ER
328i Luxury,1515,4624,1811,1429,2011,sedan,3ER
316i,1535,4624,1811,1429,2011,sedan,3ER
335i,1585,4624,1811,1429,2011,sedan,3ER
335i,1595,4624,1811,1429,2011,sedan,3ER
328i xDrive Luxury,1610,4624,1811,1429,2011,sedan,3ER
320i xDrive,1490,4624,1811,1434,2011,sedan,3ER
328i xDrive,1535,4624,1811,1434,2011,sedan,3ER
320i xDrive,1565,4624,1811,1434,2011,sedan,3ER
320i xDrive M Sport,1565,4624,1811,1434,2011,sedan,3ER
335i xDrive,1590,4624,1811,1434,2011,sedan,3ER
320d xDrive,1595,4624,1811,1434,2011,sedan,3ER
320d xDrive Sport,1595,4624,1811,1434,2011,sedan,3ER
320d xDrive Luxury,1595,4624,1811,1434,2011,sedan,3ER
320d xDrive Modern,1595,4624,1811,1434,2011,sedan,3ER
328i xDrive,1610,4624,1811,1434,2011,sedan,3ER
335i xDrive,1665,4624,1811,1434,2011,sedan,3ER
335i xDrive,1710,4612,1782,1375,2010,coupe,3ER
335i xDrive,1710,4612,1782,1375,2010,coupe,3ER
320i,1360,4612,1782,1395,2010,coupe,3ER
320i,1360,4612,1782,1395,2010,coupe,3ER
320d,1495,4612,1782,1395,2010,coupe,3ER
325i,1495,4612,1782,1395,2010,coupe,3ER
325i,1495,4612,1782,1395,2010,coupe,3ER
320d,1505,4612,1782,1395,2010,coupe,3ER
325i xDrive,1605,4612,1782,1395,2010,coupe,3ER
325i xDrive,1605,4612,1782,1395,2010,coupe,3ER
320i,1670,4612,1782,1384,2010,cabriolet,3ER
320i,1670,4612,1782,1384,2010,cabriolet,3ER
325i,1730,4612,1782,1384,2010,cabriolet,3ER
325i,1730,4612,1782,1384,2010,cabriolet,3ER
335i,1810,4612,1782,1384,2010,cabriolet,3ER
335i,1810,4612,1782,1384,2010,cabriolet,3ER
335i,1825,4612,1782,1384,2010,cabriolet,3ER
318i,1435,4531,1817,1421,2008,sedan,3ER
320i,1435,4531,1817,1421,2008,sedan,3ER
318i,1465,4531,1817,1421,2008,sedan,3ER
318i Special Edition,1465,4531,1817,1421,2008,sedan,3ER
320i,1465,4531,1817,1421,2008,sedan,3ER
320i Edition Exclusive,1465,4531,1817,1421,2008,sedan,3ER
320i Business,1465,4531,1817,1421,2008,sedan,3ER
320i Business Plus,1465,4531,1817,1421,2008,sedan,3ER
320d,1505,4531,1817,1421,2008,sedan,3ER
325i,1505,4531,1817,1421,2008,sedan,3ER
320d,1520,4531,1817,1421,2008,sedan,3ER
325i,1535,4531,1817,1421,2008,sedan,3ER
325i Limited Edition,1535,4531,1817,1421,2008,sedan,3ER
325i Business Plus Navi,1535,4531,1817,1421,2008,sedan,3ER
325i M Sports Limited Edition,1535,4531,1817,1421,2008,sedan,3ER
325i Business,1535,4531,1817,1421,2008,sedan,3ER
320xd,1600,4531,1817,1421,2008,sedan,3ER
320xd,1615,4531,1817,1421,2008,sedan,3ER
325xi,1615,4531,1817,1421,2008,sedan,3ER
325xi,1635,4531,1817,1421,2008,sedan,3ER
325xi Business Plus Navi,1635,4531,1817,1421,2008,sedan,3ER
325xi Business,1635,4531,1817,1421,2008,sedan,3ER
335xi,1720,4531,1817,1421,2008,sedan,3ER
335xi,1735,4531,1817,1421,2008,sedan,3ER
320i,1459,4520,2013,1418,2008,station_wagon,3ER
320i,1459,4520,2013,1418,2008,station_wagon,3ER
325i,1490,4520,2013,1418,2008,station_wagon,3ER
325i,1490,4520,2013,1418,2008,station_wagon,3ER
320d,1505,4520,2013,1418,2008,station_wagon,3ER
320d,1505,4520,2013,1418,2008,station_wagon,3ER
325xi,1640,4520,2013,1418,2008,station_wagon,3ER
325xi Специальная серия,1640,4520,2013,1418,2008,station_wagon,3ER
325xi,1640,4520,2013,1418,2008,station_wagon,3ER
335i xDrive,1710,4612,1782,1375,2006,coupe,3ER
335i xDrive,1710,4612,1782,1375,2006,coupe,3ER
320i,1360,4612,1782,1395,2006,coupe,3ER
320i,1360,4612,1782,1395,2006,coupe,3ER
320d,1420,4612,1782,1395,2006,coupe,3ER
320d,1420,4612,1782,1395,2006,coupe,3ER
325i,1495,4612,1782,1395,2006,coupe,3ER
325i,1495,4612,1782,1395,2006,coupe,3ER
330i,1545,4612,1782,1395,2006,coupe,3ER
330i,1545,4612,1782,1395,2006,coupe,3ER
330d,1600,4612,1782,1395,2006,coupe,3ER
330d,1600,4612,1782,1395,2006,coupe,3ER
335i,1600,4612,1782,1395,2006,coupe,3ER
335i,1600,4612,1782,1395,2006,coupe,3ER
325i xDrive,1605,4612,1782,1395,2006,coupe,3ER
325i xDrive,1605,4612,1782,1395,2006,coupe,3ER
335d,1645,4612,1782,1395,2006,coupe,3ER
335d,1645,4612,1782,1395,2006,coupe,3ER
320i,1670,4612,1782,1384,2006,cabriolet,3ER
320i,1670,4612,1782,1384,2006,cabriolet,3ER
325i,1730,4612,1782,1384,2006,cabriolet,3ER
325i,1730,4612,1782,1384,2006,cabriolet,3ER
330i,1780,4612,1782,1384,2006,cabriolet,3ER
330i,1780,4612,1782,1384,2006,cabriolet,3ER
335i,1810,4612,1782,1384,2006,cabriolet,3ER
335i,1810,4612,1782,1384,2006,cabriolet,3ER
318i,1435,4531,1817,1421,2004,sedan,3ER
320i,1435,4531,1817,1421,2004,sedan,3ER
318i,1465,4531,1817,1421,2004,sedan,3ER
320i,1465,4531,1817,1421,2004,sedan,3ER
320d,1505,4531,1817,1421,2004,sedan,3ER
325i,1505,4531,1817,1421,2004,sedan,3ER
320d,1520,4531,1817,1421,2004,sedan,3ER
325i,1535,4531,1817,1421,2004,sedan,3ER
330i,1555,4531,1817,1421,2004,sedan,3ER
330i,1555,4531,1817,1421,2004,sedan,3ER
320xd,1600,4531,1817,1421,2004,sedan,3ER
335i,1610,4531,1817,1421,2004,sedan,3ER
320xd,1615,4531,1817,1421,2004,sedan,3ER
325xi,1615,4531,1817,1421,2004,sedan,3ER
335i,1625,4531,1817,1421,2004,sedan,3ER
325xi,1635,4531,1817,1421,2004,sedan,3ER
330xi,1655,4531,1817,1421,2004,sedan,3ER
330xi,1655,4531,1817,1421,2004,sedan,3ER
335xd,1655,4531,1817,1421,2004,sedan,3ER
335xd,1655,4531,1817,1421,2004,sedan,3ER
330xd,1710,4531,1817,1421,2004,sedan,3ER
330xd,1710,4531,1817,1421,2004,sedan,3ER
335xi,1720,4531,1817,1421,2004,sedan,3ER
335xi,1735,4531,1817,1421,2004,sedan,3ER
320i,1459,4520,2013,1418,2004,station_wagon,3ER
320i,1459,4520,2013,1418,2004,station_wagon,3ER
325i,1490,4520,2013,1418,2004,station_wagon,3ER
325i,1490,4520,2013,1418,2004,station_wagon,3ER
320d,1505,4520,2013,1418,2004,station_wagon,3ER
320d,1505,4520,2013,1418,2004,station_wagon,3ER
325xi,1640,4520,2013,1418,2004,station_wagon,3ER
325xi,1640,4520,2013,1418,2004,station_wagon,3ER
330xd,1700,4520,2013,1418,2004,station_wagon,3ER
330xd,1700,4520,2013,1418,2004,station_wagon,3ER
335xd,1720,4520,2013,1418,2004,station_wagon,3ER
325Ci,1640,4488,1757,1372,2003,cabriolet,3ER
330Ci,1660,4488,1757,1372,2003,cabriolet,3ER
325Ci,1675,4488,1757,1372,2003,cabriolet,3ER
330Ci,1695,4488,1757,1372,2003,cabriolet,3ER
325Ci,1485,4488,1757,1369,2003,coupe,3ER
330Ci,1505,4488,1757,1369,2003,coupe,3ER
325Ci,1530,4488,1757,1369,2003,coupe,3ER
330Ci,1540,4488,1757,1369,2003,coupe,3ER
325xi,1650,4478,1739,1429,2001,station_wagon,3ER
325xi,1660,4478,1739,1429,2001,station_wagon,3ER
318i,1395,4471,1739,1415,2001,sedan,3ER
318i,1395,4471,1739,1415,2001,sedan,3ER
320i,1465,4471,1739,1415,2001,sedan,3ER
325i,1485,4471,1739,1415,2001,sedan,3ER
325i,1485,4471,1739,1415,2001,sedan,3ER
325xi,1575,4471,1739,1415,2001,sedan,3ER
325xi,1575,4471,1739,1415,2001,sedan,3ER
330xi,1595,4471,1739,1415,2001,sedan,3ER
330i,1595,4471,1739,1415,2001,sedan,3ER
330xi,1595,4471,1739,1415,2001,sedan,3ER
330i,1595,4471,1739,1415,2001,sedan,3ER
325Ci,1495,4488,1757,1369,1998,coupe,3ER
330Ci,1505,4488,1757,1369,1998,coupe,3ER
325Ci,1530,4488,1757,1369,1998,coupe,3ER
330Ci,1540,4488,1757,1369,1998,coupe,3ER
325xi,1625,4478,1739,1429,1998,station_wagon,3ER
325xi,1660,4478,1739,1429,1998,station_wagon,3ER
318i,1285,4481,1739,1415,1998,sedan,3ER
318i,1285,4481,1739,1415,1998,sedan,3ER
323i,1370,4481,1739,1415,1998,sedan,3ER
323i,1370,4481,1739,1415,1998,sedan,3ER
325i,1385,4481,1739,1415,1998,sedan,3ER
325i,1385,4481,1739,1415,1998,sedan,3ER
320i,1390,4481,1739,1415,1998,sedan,3ER
328i,1395,4481,1739,1415,1998,sedan,3ER
328i,1395,4481,1739,1415,1998,sedan,3ER
330xi,1597,4481,1739,1415,1998,sedan,3ER
330xi,1597,4481,1739,1415,1998,sedan,3ER
320i,1675,4824,1828,1508,2016,liftback,3ER
320d xDrive,1735,4824,1828,1508,2016,liftback,3ER
320d xDrive Sport,1735,4824,1828,1508,2016,liftback,3ER
320d xDrive M Sport,1735,4824,1828,1508,2016,liftback,3ER
320i xDrive,1750,4824,1828,1508,2016,liftback,3ER
320i xDrive Sport,1750,4824,1828,1508,2016,liftback,3ER
320i xDrive M Sport,1750,4824,1828,1508,2016,liftback,3ER
330i xDrive,1760,4824,1828,1508,2016,liftback,3ER
340i xDrive,1800,4824,1828,1508,2016,liftback,3ER
328i xDrive,1595,4824,1828,1508,2013,liftback,3ER
320i,1615,4824,1828,1508,2013,liftback,3ER
320i xDrive,1715,4824,1828,1508,2013,liftback,3ER
320i xDrive Luxury,1715,4824,1828,1508,2013,liftback,3ER
320i xDrive Sport,1715,4824,1828,1508,2013,liftback,3ER
320d xDrive,1725,4824,1828,1508,2013,liftback,3ER
320d xDrive Luxury,1725,4824,1828,1508,2013,liftback,3ER
320d xDrive Sport,1725,4824,1828,1508,2013,liftback,3ER
320d xDrive Luxury,1735,4824,1828,1508,2013,liftback,3ER
320d xDrive Sport,1735,4824,1828,1508,2013,liftback,3ER
320d xDrive,1735,4824,1828,1508,2013,liftback,3ER
335i xDrive,1790,4824,1828,1508,2013,liftback,3ER
420i,1570,4768,1852,1383,2020,coupe,4ER
420i M Sport Pure,1570,4768,1852,1383,2020,coupe,4ER
420d xDrive,1570,4768,1852,1383,2020,coupe,4ER
420d xDrive M Sport Pure,1570,4768,1852,1383,2020,coupe,4ER
420d xDrive M Sport Pro,1570,4768,1852,1383,2020,coupe,4ER
420d xDrive M Sport Pro Shadow Edition,1570,4768,1852,1383,2020,coupe,4ER
420d,1570,4768,1852,1383,2020,coupe,4ER
420d M Sport Pure,1570,4768,1852,1383,2020,coupe,4ER
420d M Sport Pro,1570,4768,1852,1383,2020,coupe,4ER
M440i xDrive,1570,4768,1852,1383,2020,coupe,4ER
M440i xDrive M Special,1570,4768,1852,1383,2020,coupe,4ER
420i,1615,4638,1825,1389,2017,sedan,4ER
420i xDrive,1690,4638,1825,1389,2017,sedan,4ER
420i xDrive М Sport,1690,4638,1825,1389,2017,sedan,4ER
420d xDrive,1690,4638,1825,1389,2017,sedan,4ER
420d xDrive M Sport,1690,4638,1825,1389,2017,sedan,4ER
430i xDrive,1690,4638,1825,1389,2017,sedan,4ER
430i xDrive M Sport Pro,1690,4638,1825,1389,2017,sedan,4ER
440i xDrive,1760,4638,1825,1389,2017,sedan,4ER
420d,1790,4638,1825,1384,2017,cabriolet,4ER
430i,1810,4638,1825,1384,2017,cabriolet,4ER
440i,1845,4638,1825,1384,2017,cabriolet,4ER
430i xDrive,1880,4638,1825,1384,2017,cabriolet,4ER
420i,1570,4638,1825,1377,2017,coupe,4ER
420d,1575,4638,1825,1377,2017,coupe,4ER
420d xDrive,1615,4638,1825,1377,2017,coupe,4ER
420d xDrive M Sport,1615,4638,1825,1377,2017,coupe,4ER
420i xDrive,1645,4638,1825,1392,2017,coupe,4ER
420i xDrive M Sport,1645,4638,1825,1392,2017,coupe,4ER
430i xDrive,1650,4638,1825,1392,2017,coupe,4ER
430i xDrive M Sport Pro,1650,4638,1825,1392,2017,coupe,4ER
430i,1650,4638,1825,1392,2017,coupe,4ER
440i xDrive,1650,4638,1825,1392,2017,coupe,4ER
420d,1765,4638,1825,1384,2014,cabriolet,4ER
428i,1775,4638,1825,1384,2014,cabriolet,4ER
420d,1790,4638,1825,1384,2014,cabriolet,4ER
430i,1810,4638,1825,1384,2014,cabriolet,4ER
435i,1825,4638,1825,1384,2014,cabriolet,4ER
440i,1845,4638,1825,1384,2014,cabriolet,4ER
420i,1580,4638,1825,1389,2014,sedan,4ER
420i Luxury,1580,4638,1825,1389,2014,sedan,4ER
420i,1615,4638,1825,1389,2014,sedan,4ER
420i xDrive,1660,4638,1825,1389,2014,sedan,4ER
420i xDrive Luxury,1660,4638,1825,1389,2014,sedan,4ER
435i,1660,4638,1825,1389,2014,sedan,4ER
428i xDrive,1670,4638,1825,1389,2014,sedan,4ER
420d xDrive,1675,4638,1825,1389,2014,sedan,4ER
420i xDrive,1690,4638,1825,1389,2014,sedan,4ER
420d xDrive,1690,4638,1825,1389,2014,sedan,4ER
430i xDrive,1690,4638,1825,1389,2014,sedan,4ER
435i xDrive,1725,4638,1825,1389,2014,sedan,4ER
440i xDrive,1760,4638,1825,1389,2014,sedan,4ER
420d,1525,4638,1825,1377,2013,coupe,4ER
420d xDrive,1615,4638,1825,1377,2013,coupe,4ER
420d,1635,4638,1825,1377,2013,coupe,4ER
420i,1525,4638,1825,1392,2013,coupe,4ER
420i Sport,1525,4638,1825,1392,2013,coupe,4ER
420i xDrive,1530,4638,1825,1392,2013,coupe,4ER
420i,1570,4638,1825,1392,2013,coupe,4ER
428i xDrive,1615,4638,1825,1392,2013,coupe,4ER
420i xDrive,1645,4638,1825,1392,2013,coupe,4ER
430i xDrive,1650,4638,1825,1392,2013,coupe,4ER
435i xDrive,1665,4638,1825,1392,2013,coupe,4ER
440i xDrive,1685,4638,1825,1392,2013,coupe,4ER
520i,1615,4936,1868,1466,2020,sedan,5ER
520i Business,1615,4936,1868,1466,2020,sedan,5ER
520d xDrive,1635,4936,1868,1466,2020,sedan,5ER
520d xDrive Business,1635,4936,1868,1466,2020,sedan,5ER
520d xDrive M Sport Pure,1635,4936,1868,1466,2020,sedan,5ER
520d,1635,4936,1868,1466,2020,sedan,5ER
520d Executive,1635,4936,1868,1466,2020,sedan,5ER
530i xDrive,1670,4936,1868,1466,2020,sedan,5ER
530i xDrive M Sport Plus,1670,4936,1868,1466,2020,sedan,5ER
540i xDrive,1735,4936,1868,1466,2020,sedan,5ER
540i xDrive M Sport Pro,1735,4936,1868,1466,2020,sedan,5ER
530d xDrive,1770,4936,1868,1466,2020,sedan,5ER
530d xDrive M Sport Plus,1770,4936,1868,1466,2020,sedan,5ER
530d xDrive M Sport Pro,1770,4936,1868,1466,2020,sedan,5ER
530d xDrive M Sport Edition,1770,4936,1868,1466,2020,sedan,5ER
M550i xDrive,1885,4936,1868,1466,2020,sedan,5ER
M550i xDrive M Special,1885,4936,1868,1466,2020,sedan,5ER
520i,1615,4936,1868,1466,2016,sedan,5ER
520i Business,1615,4936,1868,1466,2016,sedan,5ER
530i,1615,4936,1868,1466,2016,sedan,5ER
520d,1635,4936,1868,1466,2016,sedan,5ER
520d Executive,1635,4936,1868,1466,2016,sedan,5ER
520d Sport,1635,4936,1868,1466,2016,sedan,5ER
530i xDrive,1670,4936,1868,1466,2016,sedan,5ER
530i xDrive Luxury,1670,4936,1868,1466,2016,sedan,5ER
530i xDrive M Sport,1670,4936,1868,1466,2016,sedan,5ER
520d xDrive,1695,4936,1868,1466,2016,sedan,5ER
520d xDrive Business,1695,4936,1868,1466,2016,sedan,5ER
520d xDrive Exclusive,1695,4936,1868,1466,2016,sedan,5ER
520d xDrive M Sport,1695,4936,1868,1466,2016,sedan,5ER
540i xDrive,1735,4936,1868,1466,2016,sedan,5ER
540i xDrive M Sport Pro,1735,4936,1868,1466,2016,sedan,5ER
530d xDrive,1770,4936,1868,1466,2016,sedan,5ER
530d xDrive M Sport,1770,4936,1868,1466,2016,sedan,5ER
530d xDrive M Sport Pro,1770,4936,1868,1466,2016,sedan,5ER
M550i xDrive,1885,4936,1868,1466,2016,sedan,5ER
M550i xDrive M Special,1885,4936,1868,1466,2016,sedan,5ER
M550d xDrive,1920,4936,1868,1466,2016,sedan,5ER
M550d xDrive M Special,1920,4936,1868,1466,2016,sedan,5ER
528i xDrive,1890,4907,1860,1462,2013,station_wagon,5ER
520i,1670,4899,1860,1464,2013,sedan,5ER
520i M Sport,1685,4899,1860,1464,2013,sedan,5ER
520i,1685,4899,1860,1464,2013,sedan,5ER
520i Luxury,1685,4899,1860,1464,2013,sedan,5ER
520i Special Edition,1685,4899,1860,1464,2013,sedan,5ER
520i Business,1685,4899,1860,1464,2013,sedan,5ER
520d,1695,4899,1860,1464,2013,sedan,5ER
520d,1720,4899,1860,1464,2013,sedan,5ER
520d Special Edition,1720,4899,1860,1464,2013,sedan,5ER
520d 100 Years Edition,1720,4899,1860,1464,2013,sedan,5ER
520d Executive Edition,1720,4899,1860,1464,2013,sedan,5ER
528i xDrive M Sport,1730,4899,1860,1464,2013,sedan,5ER
528i xDrive,1780,4899,1860,1464,2013,sedan,5ER
528i xDrive Luxury,1780,4899,1860,1464,2013,sedan,5ER
528i xDrive Business,1780,4899,1860,1464,2013,sedan,5ER
528i xDrive Luxury,1780,4899,1860,1464,2013,sedan,5ER
528i xDrive 100 Years Edition,1780,4899,1860,1464,2013,sedan,5ER
528i xDrive Executive Edition,1780,4899,1860,1464,2013,sedan,5ER
525d xDrive,1840,4899,1860,1464,2013,sedan,5ER
525d xDrive Business,1865,4899,1860,1464,2013,sedan,5ER
530d xDrive Luxury,1865,4899,1860,1464,2013,sedan,5ER
535i xDrive,1840,4907,1860,1464,2013,sedan,5ER
550i xDrive,1955,4907,1860,1464,2013,sedan,5ER
М550d xDrive,1955,4910,1860,1454,2013,sedan,5ER
520i,1780,4907,1860,1462,2010,station_wagon,5ER
520d,1785,4907,1860,1462,2010,station_wagon,5ER
520i,1790,4907,1860,1462,2010,station_wagon,5ER
520d,1795,4907,1860,1462,2010,station_wagon,5ER
523i МT,1840,4907,1860,1462,2010,station_wagon,5ER
523i АT,1840,4907,1860,1462,2010,station_wagon,5ER
535i МT,1840,4907,1860,1462,2010,station_wagon,5ER
535i xDrive,1870,4907,1860,1462,2010,station_wagon,5ER
528i xDrive,1880,4907,1860,1462,2010,station_wagon,5ER
530d xDrive,1940,4907,1860,1462,2010,station_wagon,5ER
520i,1670,4899,1860,1464,2009,sedan,5ER
520i,1685,4899,1860,1464,2009,sedan,5ER
520i Business,1685,4899,1860,1464,2009,sedan,5ER
520i Special Edition,1685,4899,1860,1464,2009,sedan,5ER
520i,1685,4899,1860,1464,2009,sedan,5ER
535i,1685,4899,1860,1464,2009,sedan,5ER
523i МT,1700,4899,1860,1464,2009,sedan,5ER
535i,1700,4899,1860,1464,2009,sedan,5ER
528i,1710,4899,1860,1464,2009,sedan,5ER
528i МT,1710,4899,1860,1464,2009,sedan,5ER
520d,1715,4899,1860,1464,2009,sedan,5ER
520d,1720,4899,1860,1464,2009,sedan,5ER
520d Special Edition,1720,4899,1860,1464,2009,sedan,5ER
523i АT,1725,4899,1860,1464,2009,sedan,5ER
528i,1730,4899,1860,1464,2009,sedan,5ER
528i Business,1730,4899,1860,1464,2009,sedan,5ER
528i АT,1730,4899,1860,1464,2009,sedan,5ER
535d,1750,4899,1860,1464,2009,sedan,5ER
525d,1765,4899,1860,1464,2009,sedan,5ER
525d МT,1765,4899,1860,1464,2009,sedan,5ER
528i xDrive,1780,4899,1860,1464,2009,sedan,5ER
528i xDrive Business,1780,4899,1860,1464,2009,sedan,5ER
528i xDrive Luxury,1780,4899,1860,1464,2009,sedan,5ER
525d,1780,4899,1860,1464,2009,sedan,5ER
530d,1790,4899,1860,1464,2009,sedan,5ER
525d xDrive,1795,4899,1860,1464,2009,sedan,5ER
525d xDrive Business,1795,4899,1860,1464,2009,sedan,5ER
530d АT,1795,4899,1860,1464,2009,sedan,5ER
530d,1795,4899,1860,1464,2009,sedan,5ER
550i,1830,4899,1860,1464,2009,sedan,5ER
535i xDrive,1840,4899,1860,1464,2009,sedan,5ER
530d xDrive,1865,4899,1860,1464,2009,sedan,5ER
530d xDrive Business,1865,4899,1860,1464,2009,sedan,5ER
530d xDrive Luxury,1865,4899,1860,1464,2009,sedan,5ER
535d xDrive,1870,4899,1860,1464,2009,sedan,5ER
550i xDrive,1900,4899,1860,1464,2009,sedan,5ER
M550d xDrive,1970,4910,1860,1454,2009,sedan,5ER
520i,1560,4843,1846,1491,2007,station_wagon,5ER
520i,1590,4843,1846,1491,2007,station_wagon,5ER
523i,1590,4843,1846,1491,2007,station_wagon,5ER
520d,1600,4843,1846,1491,2007,station_wagon,5ER
520d,1620,4843,1846,1491,2007,station_wagon,5ER
523i,1620,4843,1846,1491,2007,station_wagon,5ER
530i,1625,4843,1846,1491,2007,station_wagon,5ER
525d,1665,4843,1846,1491,2007,station_wagon,5ER
530d,1665,4843,1846,1491,2007,station_wagon,5ER
525i,1680,4843,1846,1491,2007,station_wagon,5ER
525i,1680,4843,1846,1491,2007,station_wagon,5ER
530i,1680,4843,1846,1491,2007,station_wagon,5ER
525i xDrive,1725,4843,1846,1491,2007,station_wagon,5ER
535d,1765,4843,1846,1491,2007,station_wagon,5ER
525d xDrive,1800,4843,1846,1491,2007,station_wagon,5ER
525d xDrive,1800,4843,1846,1491,2007,station_wagon,5ER
525d,1800,4843,1846,1491,2007,station_wagon,5ER
525i xDrive,1800,4843,1846,1491,2007,station_wagon,5ER
530d xDrive,1800,4843,1846,1491,2007,station_wagon,5ER
530d xDrive,1800,4843,1846,1491,2007,station_wagon,5ER
530d,1800,4843,1846,1491,2007,station_wagon,5ER
530i xDrive,1800,4843,1846,1491,2007,station_wagon,5ER
530i xDrive,1800,4843,1846,1491,2007,station_wagon,5ER
550i,1835,4843,1846,1491,2007,station_wagon,5ER
550i,1835,4843,1846,1491,2007,station_wagon,5ER
525i xDrive,1545,4841,1846,1468,2007,sedan,5ER
525i xDrive,1545,4841,1846,1468,2007,sedan,5ER
535i,1545,4841,1846,1468,2007,sedan,5ER
535i,1545,4841,1846,1468,2007,sedan,5ER
520i,1560,4841,1846,1468,2007,sedan,5ER
520i,1560,4841,1846,1468,2007,sedan,5ER
525i,1565,4841,1846,1468,2007,sedan,5ER
525i,1565,4841,1846,1468,2007,sedan,5ER
520d,1585,4841,1846,1468,2007,sedan,5ER
520d,1585,4841,1846,1468,2007,sedan,5ER
525i,1585,4841,1846,1468,2007,sedan,5ER
525i,1585,4841,1846,1468,2007,sedan,5ER
530i,1605,4841,1846,1468,2007,sedan,5ER
530i,1605,4841,1846,1468,2007,sedan,5ER
525d xDrive,1655,4841,1846,1468,2007,sedan,5ER
525d,1655,4841,1846,1468,2007,sedan,5ER
525d xDrive,1655,4841,1846,1468,2007,sedan,5ER
525d,1655,4841,1846,1468,2007,sedan,5ER
530d,1655,4841,1846,1468,2007,sedan,5ER
530d,1655,4841,1846,1468,2007,sedan,5ER
523i,1665,4841,1846,1468,2007,sedan,5ER
523i,1665,4841,1846,1468,2007,sedan,5ER
530i xDrive,1710,4841,1846,1468,2007,sedan,5ER
530i xDrive,1710,4841,1846,1468,2007,sedan,5ER
540i,1725,4841,1846,1468,2007,sedan,5ER
540i,1725,4841,1846,1468,2007,sedan,5ER
535d,1735,4841,1846,1468,2007,sedan,5ER
550i,1735,4841,1846,1468,2007,sedan,5ER
550i,1735,4841,1846,1468,2007,sedan,5ER
530d xDrive,1760,4841,1846,1468,2007,sedan,5ER
530d xDrive,1780,4841,1846,1468,2007,sedan,5ER
525d,1605,4843,1846,1491,2004,station_wagon,5ER
523i,1635,4843,1846,1491,2004,station_wagon,5ER
523i,1635,4843,1846,1491,2004,station_wagon,5ER
525i,1655,4843,1846,1491,2004,station_wagon,5ER
525i,1655,4843,1846,1491,2004,station_wagon,5ER
520d,1675,4843,1846,1491,2004,station_wagon,5ER
520d,1675,4843,1846,1491,2004,station_wagon,5ER
530i,1680,4843,1846,1491,2004,station_wagon,5ER
525i xDrive,1685,4843,1846,1491,2004,station_wagon,5ER
525i xDrive,1685,4843,1846,1491,2004,station_wagon,5ER
530i xDrive,1685,4843,1846,1491,2004,station_wagon,5ER
530i xDrive,1685,4843,1846,1491,2004,station_wagon,5ER
545i,1725,4843,1846,1491,2004,station_wagon,5ER
525d,1750,4843,1846,1491,2004,station_wagon,5ER
530d,1760,4843,1846,1491,2004,station_wagon,5ER
530d,1760,4843,1846,1491,2004,station_wagon,5ER
545i,1795,4843,1846,1491,2004,station_wagon,5ER
550i,1825,4843,1846,1491,2004,station_wagon,5ER
550i,1825,4843,1846,1491,2004,station_wagon,5ER
535d,1830,4843,1846,1491,2004,station_wagon,5ER
520i,1560,4841,1846,1468,2003,sedan,5ER
520i,1560,4841,1846,1468,2003,sedan,5ER
525i,1565,4841,1846,1468,2003,sedan,5ER
525i,1565,4841,1846,1468,2003,sedan,5ER
530i,1570,4841,1846,1468,2003,sedan,5ER
530i АT,1570,4841,1846,1468,2003,sedan,5ER
520d,1585,4841,1846,1468,2003,sedan,5ER
520d,1585,4841,1846,1468,2003,sedan,5ER
525i,1585,4841,1846,1468,2003,sedan,5ER
525i,1585,4841,1846,1468,2003,sedan,5ER
545i,1635,4841,1846,1468,2003,sedan,5ER
525d,1660,4841,1846,1468,2003,sedan,5ER
525d,1660,4841,1846,1468,2003,sedan,5ER
523i,1665,4841,1846,1468,2003,sedan,5ER
523i,1665,4841,1846,1468,2003,sedan,5ER
525i xDrive,1665,4841,1846,1468,2003,sedan,5ER
525i xDrive,1665,4841,1846,1468,2003,sedan,5ER
530d,1665,4841,1846,1468,2003,sedan,5ER
530i xDrive,1665,4841,1846,1468,2003,sedan,5ER
530i xDrive,1665,4841,1846,1468,2003,sedan,5ER
530d,1670,4841,1846,1468,2003,sedan,5ER
530d,1670,4841,1846,1468,2003,sedan,5ER
545i,1705,4841,1846,1468,2003,sedan,5ER
540i,1725,4841,1846,1468,2003,sedan,5ER
540i,1725,4841,1846,1468,2003,sedan,5ER
535d,1735,4841,1846,1468,2003,sedan,5ER
550i,1735,4841,1846,1468,2003,sedan,5ER
550i,1735,4841,1846,1468,2003,sedan,5ER
520d,1595,4805,1800,1445,2000,station_wagon,5ER
520i,1595,4805,1800,1445,2000,station_wagon,5ER
525i,1605,4805,1800,1445,2000,station_wagon,5ER
520i,1625,4805,1800,1445,2000,station_wagon,5ER
525i,1635,4805,1800,1445,2000,station_wagon,5ER
530i,1645,4805,1800,1445,2000,station_wagon,5ER
530d,1660,4805,1800,1445,2000,station_wagon,5ER
530i,1675,4805,1800,1445,2000,station_wagon,5ER
525d,1705,4805,1800,1445,2000,station_wagon,5ER
525d,1715,4805,1800,1445,2000,station_wagon,5ER
530d,1735,4805,1800,1445,2000,station_wagon,5ER
540i,1740,4805,1800,1445,2000,station_wagon,5ER
540i,1770,4805,1800,1445,2000,station_wagon,5ER
520d,1490,4775,1800,1435,2000,sedan,5ER
520i,1495,4775,1800,1435,2000,sedan,5ER
525i,1500,4775,1800,1435,2000,sedan,5ER
520i,1525,4775,1800,1435,2000,sedan,5ER
525i,1530,4775,1800,1435,2000,sedan,5ER
530i,1530,4775,1800,1435,2000,sedan,5ER
530i,1560,4775,1800,1435,2000,sedan,5ER
525d,1595,4775,1800,1435,2000,sedan,5ER
525d,1605,4775,1800,1435,2000,sedan,5ER
530d,1625,4775,1800,1435,2000,sedan,5ER
540i,1630,4775,1800,1435,2000,sedan,5ER
530d,1635,4775,1800,1435,2000,sedan,5ER
535i,1655,4775,1800,1435,2000,sedan,5ER
535i,1655,4775,1800,1435,2000,sedan,5ER
540i,1660,4775,1800,1435,2000,sedan,5ER
520i,1570,4805,1800,1445,1997,station_wagon,5ER
520i,1570,4805,1800,1445,1997,station_wagon,5ER
525tds,1575,4805,1800,1445,1997,station_wagon,5ER
525tds,1575,4805,1800,1445,1997,station_wagon,5ER
523i,1580,4805,1800,1445,1997,station_wagon,5ER
523i,1580,4805,1800,1445,1997,station_wagon,5ER
528i,1615,4805,1800,1445,1997,station_wagon,5ER
528i,1615,4805,1800,1445,1997,station_wagon,5ER
530d,1660,4805,1800,1445,1997,station_wagon,5ER
530d,1660,4805,1800,1445,1997,station_wagon,5ER
540i,1695,4805,1800,1445,1997,station_wagon,5ER
540i,1770,4805,1800,1445,1997,station_wagon,5ER
520i,1445,4775,1800,1435,1995,sedan,5ER
520i,1445,4775,1800,1435,1995,sedan,5ER
523i,1450,4775,1800,1435,1995,sedan,5ER
523i,1450,4775,1800,1435,1995,sedan,5ER
525td,1470,4775,1800,1435,1995,sedan,5ER
528i,1475,4775,1800,1435,1995,sedan,5ER
528i,1475,4775,1800,1435,1995,sedan,5ER
525tds,1480,4775,1800,1435,1995,sedan,5ER
525tds,1480,4775,1800,1435,1995,sedan,5ER
530d,1550,4775,1800,1435,1995,sedan,5ER
530d,1550,4775,1800,1435,1995,sedan,5ER
535i,1615,4775,1800,1435,1995,sedan,5ER
535i,1615,4775,1800,1435,1995,sedan,5ER
540i,1630,4775,1800,1435,1995,sedan,5ER
540i,1660,4775,1800,1435,1995,sedan,5ER
518i,1435,4720,1751,1412,1994,sedan,5ER
520i,1445,4720,1751,1412,1994,sedan,5ER
525i,1480,4720,1751,1412,1994,sedan,5ER
520i,1485,4720,1751,1412,1994,sedan,5ER
525td,1498,4720,1751,1412,1994,sedan,5ER
525i,1515,4720,1751,1412,1994,sedan,5ER
525td,1533,4720,1751,1412,1994,sedan,5ER
530i,1565,4720,1751,1412,1994,sedan,5ER
525iХ,1570,4720,1751,1412,1994,sedan,5ER
525tds,1590,4720,1751,1412,1994,sedan,5ER
530i,1595,4720,1751,1412,1994,sedan,5ER
525tds,1610,4720,1751,1412,1994,sedan,5ER
540i,1650,4720,1751,1412,1994,sedan,5ER
525iХ,1660,4720,1751,1412,1994,sedan,5ER
540i,1680,4720,1751,1412,1994,sedan,5ER
530d,1990,5004,1901,1559,2013,liftback,5ER
530d xDrive,2015,5004,1901,1559,2013,liftback,5ER
535d xDrive,2045,5004,1901,1559,2013,liftback,5ER
535i xDrive,2070,5004,1901,1559,2013,liftback,5ER
550i xDrive,2215,5004,1901,1559,2013,liftback,5ER
535i,1940,4998,1905,1559,2009,liftback,5ER
530d xDrive,1960,4998,1905,1559,2009,liftback,5ER
530d,1960,4998,1905,1559,2009,liftback,5ER
535d,1960,4998,1905,1559,2009,liftback,5ER
535i xDrive,1995,4998,1905,1559,2009,liftback,5ER
535d xDrive,2035,4998,1905,1559,2009,liftback,5ER
550i xDrive,2060,4998,1905,1559,2009,liftback,5ER
550i,2060,4998,1905,1559,2009,liftback,5ER
640i xDrive,1900,5007,1894,1392,2015,sedan,6ER
650i xDrive,1940,5007,1894,1392,2015,sedan,6ER
640d xDrive,1945,5007,1894,1392,2015,sedan,6ER
640i,1895,4894,1894,1365,2015,cabriolet,6ER
640i,1915,4894,1894,1365,2015,cabriolet,6ER
640i xDrive,1965,4894,1894,1365,2015,cabriolet,6ER
650i,2005,4894,1894,1365,2015,cabriolet,6ER
650i xDrive,2055,4894,1894,1365,2015,cabriolet,6ER
640i xDrive,1840,4894,1894,1369,2015,coupe,6ER
640d xDrive,1870,4894,1894,1369,2015,coupe,6ER
650i xDrive,1930,4894,1894,1369,2015,coupe,6ER
640i,1750,5007,1894,1392,2012,sedan,6ER
640d,1790,5007,1894,1392,2012,sedan,6ER
650i,1865,5007,1894,1392,2012,sedan,6ER
640i xDrive,1900,5007,1894,1392,2012,sedan,6ER
650i xDrive,1940,5007,1894,1392,2012,sedan,6ER
640d xDrive,1945,5007,1894,1392,2012,sedan,6ER
640i,1915,4894,1894,1365,2011,cabriolet,6ER
640d,1935,4894,1894,1365,2011,cabriolet,6ER
640i xDrive,1985,4894,1894,1365,2011,cabriolet,6ER
640d xDrive,2005,4894,1894,1365,2011,cabriolet,6ER
650i,2015,4894,1894,1365,2011,cabriolet,6ER
650i xDrive,2055,4894,1894,1365,2011,cabriolet,6ER
640i,1735,4894,1894,1369,2011,coupe,6ER
640d,1790,4894,1894,1369,2011,coupe,6ER
640i xDrive,1840,4894,1894,1369,2011,coupe,6ER
650i,1845,4894,1894,1369,2011,coupe,6ER
640d xDrive,1870,4894,1894,1369,2011,coupe,6ER
650i xDrive,1920,4894,1894,1369,2011,coupe,6ER
630Ci,1760,4820,1855,1373,2007,cabriolet,6ER
630Ci,1760,4820,1855,1373,2007,cabriolet,6ER
650Ci,1890,4820,1855,1373,2007,cabriolet,6ER
650Ci,1890,4820,1855,1373,2007,cabriolet,6ER
630Ci,1565,4820,1855,1373,2007,coupe,6ER
630Ci,1565,4820,1855,1373,2007,coupe,6ER
650Ci,1690,4820,1855,1373,2007,coupe,6ER
650Ci,1690,4820,1855,1373,2007,coupe,6ER
630Ci,1760,4820,1855,1373,2004,cabriolet,6ER
630Ci,1760,4820,1855,1373,2004,cabriolet,6ER
645Ci,1890,4820,1855,1373,2004,cabriolet,6ER
645Ci,1890,4820,1855,1373,2004,cabriolet,6ER
650Ci,1890,4820,1855,1373,2004,cabriolet,6ER
650Ci,1890,4820,1855,1373,2004,cabriolet,6ER
630Ci,1565,4820,1855,1373,2003,coupe,6ER
630Ci,1565,4820,1855,1373,2003,coupe,6ER
645Ci,1690,4820,1855,1373,2003,coupe,6ER
645Ci,1690,4820,1855,1373,2003,coupe,6ER
650Ci,1690,4820,1855,1373,2003,coupe,6ER
650Ci,1690,4820,1855,1373,2003,coupe,6ER
630i Luxury,1795,5091,1902,1538,2020,liftback,6ER
630i M Sport Plus,1795,5091,1902,1538,2020,liftback,6ER
640i xDrive Luxury,1910,5091,1902,1538,2020,liftback,6ER
640i xDrive M Sport Pro,1910,5091,1902,1538,2020,liftback,6ER
640i xDrive Luxury Plus,1910,5091,1902,1538,2020,liftback,6ER
620d xDrive Luxury,1955,5091,1902,1538,2020,liftback,6ER
620d xDrive M Sport Plus,1955,5091,1902,1538,2020,liftback,6ER
630d xDrive Luxury,1955,5091,1902,1538,2020,liftback,6ER
630d xDrive M Sport Plus,1955,5091,1902,1538,2020,liftback,6ER
630d xDrive Luxury Plus,1955,5091,1902,1538,2020,liftback,6ER
630d xDrive M Sport Pro,1955,5091,1902,1538,2020,liftback,6ER
630i,1795,5091,1902,1538,2017,liftback,6ER
630i Sport,1795,5091,1902,1538,2017,liftback,6ER
630i M Sport,1795,5091,1902,1538,2017,liftback,6ER
630i Luxury,1795,5091,1902,1538,2017,liftback,6ER
630i,1795,5091,1902,1538,2017,liftback,6ER
630i Sport Plus,1795,5091,1902,1538,2017,liftback,6ER
630i M Sport Pro,1795,5091,1902,1538,2017,liftback,6ER
640i xDrive,1910,5091,1902,1538,2017,liftback,6ER
640i xDrive Sport,1910,5091,1902,1538,2017,liftback,6ER
640i xDrive M Sport,1910,5091,1902,1538,2017,liftback,6ER
640i xDrive Luxury,1910,5091,1902,1538,2017,liftback,6ER
640i xDrive,1910,5091,1902,1538,2017,liftback,6ER
640i xDrive M Sport Pro,1910,5091,1902,1538,2017,liftback,6ER
640i xDrive Luxury Plus,1910,5091,1902,1538,2017,liftback,6ER
620d xDrive,1955,5091,1902,1538,2017,liftback,6ER
620d xDrive Sport,1955,5091,1902,1538,2017,liftback,6ER
620d xDrive Luxury,1955,5091,1902,1538,2017,liftback,6ER
620d xDrive M Sport,1955,5091,1902,1538,2017,liftback,6ER
620d xDrive,1955,5091,1902,1538,2017,liftback,6ER
620d xDrive Sport Plus,1955,5091,1902,1538,2017,liftback,6ER
620d xDrive M Sport Pro,1955,5091,1902,1538,2017,liftback,6ER
630d xDrive M Sport,1955,5091,1902,1538,2017,liftback,6ER
630d xDrive,1955,5091,1902,1538,2017,liftback,6ER
630d xDrive Sport,1955,5091,1902,1538,2017,liftback,6ER
630d xDrive Luxury,1955,5091,1902,1538,2017,liftback,6ER
630d xDrive,1955,5091,1902,1538,2017,liftback,6ER
630d xDrive M Sport Pro,1955,5091,1902,1538,2017,liftback,6ER
630d xDrive Luxury Plus,1955,5091,1902,1538,2017,liftback,6ER
640d xDrive,1955,5091,1902,1538,2017,liftback,6ER
640d xDrive Sport,1955,5091,1902,1538,2017,liftback,6ER
640d xDrive M Sport,1955,5091,1902,1538,2017,liftback,6ER
640d xDrive Luxury,1955,5091,1902,1538,2017,liftback,6ER
640d xDrive,1955,5091,1902,1538,2017,liftback,6ER
640d xDrive M Sport Pro,1955,5091,1902,1538,2017,liftback,6ER
640d xDrive Luxury Plus,1955,5091,1902,1538,2017,liftback,6ER
730i,1790,5120,1902,1467,2019,sedan,7ER
730i M Sport Pure,1790,5120,1902,1467,2019,sedan,7ER
730d xDrive,1955,5120,1902,1467,2019,sedan,7ER
730d xDrive M Sport Plus,1955,5120,1902,1467,2019,sedan,7ER
730d xDrive M Sport Pro,1955,5120,1902,1467,2019,sedan,7ER
740d xDrive,1990,5120,1902,1467,2019,sedan,7ER
740d xDrive M Sport Pro,1990,5120,1902,1467,2019,sedan,7ER
750d xDrive,2035,5120,1902,1467,2019,sedan,7ER
750d xDrive M Sport Pro,2035,5120,1902,1467,2019,sedan,7ER
750d xDrive M Sport by Individual,2035,5120,1902,1467,2019,sedan,7ER
750i xDrive,2040,5120,1902,1467,2019,sedan,7ER
740Li xDrive,1935,5260,1902,1479,2019,sedan,7ER
740Li xDrive Exclusive,1935,5260,1902,1479,2019,sedan,7ER
740Li xDrive Executive,1935,5260,1902,1479,2019,sedan,7ER
730Ld xDrive,2005,5260,1902,1479,2019,sedan,7ER
730Ld xDrive Exclusive,2005,5260,1902,1479,2019,sedan,7ER
730Ld xDrive Executive,2005,5260,1902,1479,2019,sedan,7ER
740Ld xDrive,2025,5260,1902,1479,2019,sedan,7ER
740Ld xDrive M Sport Pro,2025,5260,1902,1479,2019,sedan,7ER
750Ld xDrive,2075,5260,1902,1479,2019,sedan,7ER
750Ld xDrive M Sport Pro,2075,5260,1902,1479,2019,sedan,7ER
750Li xDrive,2075,5260,1902,1479,2019,sedan,7ER
750Li xDrive Executive,2075,5260,1902,1479,2019,sedan,7ER
750Li xDrive M Sport Pro,2075,5260,1902,1479,2019,sedan,7ER
745Le xDrive,2160,5260,1902,1479,2019,sedan,7ER
M760Li xDrive,2295,5260,1902,1479,2019,sedan,7ER
M760Li xDrive M Sport by Individual,2295,5260,1902,1479,2019,sedan,7ER
730i,1755,5098,1902,1467,2015,sedan,7ER
740d xDrive,1870,5098,1902,1467,2015,sedan,7ER
740d xDrive M Sport,1870,5098,1902,1467,2015,sedan,7ER
730d xDrive,1900,5098,1902,1467,2015,sedan,7ER
750i xDrive,1945,5098,1902,1467,2015,sedan,7ER
750d xDrive,2015,5098,1902,1467,2015,sedan,7ER
740Li xDrive,1900,5238,1902,1479,2015,sedan,7ER
740Li xDrive Luxury,1900,5238,1902,1479,2015,sedan,7ER
740Ld xDrive,1910,5238,1902,1479,2015,sedan,7ER
725Ld xDrive Bussiness,1945,5238,1902,1479,2015,sedan,7ER
730Ld xDrive,1945,5238,1902,1479,2015,sedan,7ER
730Ld xDrive Exclusive,1945,5238,1902,1479,2015,sedan,7ER
750Li xDrive,1990,5238,1902,1479,2015,sedan,7ER
750Li xDrive Executive,1990,5238,1902,1479,2015,sedan,7ER
750Ld xDrive,2055,5238,1902,1479,2015,sedan,7ER
740Le xDrive,2075,5238,1902,1479,2015,sedan,7ER
M760Li xDrive,2255,5238,1902,1479,2015,sedan,7ER
730i,1840,5079,1902,1471,2012,sedan,7ER
730d,1840,5079,1902,1471,2012,sedan,7ER
740d xDrive,1940,5079,1902,1471,2012,sedan,7ER
730d xDrive,1985,5079,1902,1471,2012,sedan,7ER
750i xDrive,2000,5079,1902,1471,2012,sedan,7ER
750d xDrive,2070,5079,1902,1471,2012,sedan,7ER
760i,2105,5079,1902,1471,2012,sedan,7ER
730Li,1865,5219,1902,1481,2012,sedan,7ER
730Ld,1875,5219,1902,1481,2012,sedan,7ER
740Li xDrive,1995,5219,1902,1481,2012,sedan,7ER
750Li xDrive,2035,5219,1902,1481,2012,sedan,7ER
750Ld xDrive,2095,5219,1902,1481,2012,sedan,7ER
760Li,2175,5219,1902,1481,2012,sedan,7ER
740i,1860,5072,1902,1479,2008,sedan,7ER
730d,1865,5072,1902,1479,2008,sedan,7ER
730i,1895,5072,1902,1479,2008,sedan,7ER
750i,1945,5072,1902,1479,2008,sedan,7ER
740d xDrive,1950,5072,1902,1479,2008,sedan,7ER
750i xDrive,2030,5072,1902,1479,2008,sedan,7ER
760i,2180,5072,1902,1479,2008,sedan,7ER
ActiveHybrid 7,2120,5072,1902,1485,2008,sedan,7ER
730Li,1930,5212,1902,1478,2008,sedan,7ER
740Li,1970,5212,1902,1478,2008,sedan,7ER
730Ld,1975,5212,1902,1478,2008,sedan,7ER
750Li,2055,5212,1902,1478,2008,sedan,7ER
750Li xDrive,2060,5212,1902,1478,2008,sedan,7ER
750Li xDrive Business Edition,2060,5212,1902,1478,2008,sedan,7ER
760Li,2180,5212,1902,1479,2008,sedan,7ER
ActiveHybrid 7L,2145,5212,1902,1484,2008,sedan,7ER
730i,1880,5039,1902,1491,2005,sedan,7ER
740i,1970,5039,1902,1491,2005,sedan,7ER
750i,1985,5039,1902,1491,2005,sedan,7ER
760i,2180,5039,1902,1491,2005,sedan,7ER
730Li,1910,5179,1902,1484,2005,sedan,7ER
740Li,2010,5179,1902,1484,2005,sedan,7ER
750Li,2025,5179,1902,1484,2005,sedan,7ER
760Li,2255,5179,1902,1484,2005,sedan,7ER
730i,1865,5029,1902,1492,2001,sedan,7ER
735i,1935,5029,1902,1492,2001,sedan,7ER
745i,1945,5029,1902,1492,2001,sedan,7ER
760i,2165,5029,1902,1492,2001,sedan,7ER
730Li,1895,5169,1902,1492,2001,sedan,7ER
735Li,1975,5169,1902,1492,2001,sedan,7ER
745Li,1985,5169,1902,1492,2001,sedan,7ER
760Li,2225,5169,1902,1492,2001,sedan,7ER
725tds,1740,4894,1862,1425,1998,sedan,7ER
730d,1805,4894,1862,1425,1998,sedan,7ER
728i,1705,4894,1862,1435,1998,sedan,7ER
735i,1705,4894,1862,1435,1998,sedan,7ER
740i,1825,4894,1862,1435,1998,sedan,7ER
750i,1955,4894,1862,1435,1998,sedan,7ER
728iL,1740,5124,1862,1425,1998,sedan,7ER
735iL,1820,5124,1862,1435,1998,sedan,7ER
740iL,1865,5124,1862,1435,1998,sedan,7ER
750iL,2010,5124,1862,1435,1998,sedan,7ER
L7,2270,5482,1862,1425,1998,sedan,7ER
728i,1705,4984,1862,1435,1994,sedan,7ER
728i,1735,4984,1862,1435,1994,sedan,7ER
730i,1800,4984,1862,1435,1994,sedan,7ER
735i,1800,4984,1862,1435,1994,sedan,7ER
730i,1830,4984,1862,1435,1994,sedan,7ER
735i,1830,4984,1862,1435,1994,sedan,7ER
740i,1865,4984,1862,1435,1994,sedan,7ER
740i,1895,4984,1862,1435,1994,sedan,7ER
740i,1915,4984,1862,1435,1994,sedan,7ER
750i,2035,4984,1862,1435,1994,sedan,7ER
728iL,1710,5124,1862,1435,1994,sedan,7ER
728iL,1740,5124,1862,1435,1994,sedan,7ER
735iL,1800,5124,1862,1435,1994,sedan,7ER
730iL,1825,5124,1862,1435,1994,sedan,7ER
735iL,1830,5124,1862,1435,1994,sedan,7ER
730iL,1855,5124,1862,1435,1994,sedan,7ER
740iL,1890,5124,1862,1435,1994,sedan,7ER
740iL,1940,5124,1862,1435,1994,sedan,7ER
750iL,2070,5124,1862,1435,1994,sedan,7ER
840i,1800,5082,1932,1407,2019,sedan,8ER
840i xDrive,1855,5082,1932,1407,2019,sedan,8ER
840i xDrive M Sport Pro,1855,5082,1932,1407,2019,sedan,8ER
840i xDrive M Sport by Individual,1855,5082,1932,1407,2019,sedan,8ER
840d xDrive,1925,5082,1932,1407,2019,sedan,8ER
840d xDrive M Sport Pro,1925,5082,1932,1407,2019,sedan,8ER
840d xDrive M Sport by Individual,1925,5082,1932,1407,2019,sedan,8ER
M850i xDrive,1995,5082,1932,1407,2019,sedan,8ER
M850i xDrive M Sport by Individual,1995,5082,1932,1407,2019,sedan,8ER
M850i xDrive Golden Thunder Edition,1995,5082,1932,1407,2019,sedan,8ER
840i xDrive,2090,4851,1902,1345,2018,cabriolet,8ER
840i xDrive M Sport Pro,2090,4851,1902,1345,2018,cabriolet,8ER
840i xDrive M Sport by Individual,2090,4851,1902,1345,2018,cabriolet,8ER
840i,2090,4851,1902,1345,2018,cabriolet,8ER
M850i xDrive,2090,4851,1902,1345,2018,cabriolet,8ER
M850i xDrive M Sport by Individual,2090,4851,1902,1345,2018,cabriolet,8ER
840d xDrive,1905,4851,1902,1340,2018,coupe,8ER
840d xDrive M Sport Pro,1905,4851,1902,1340,2018,coupe,8ER
840d xDrive M Sport by Individual,1905,4851,1902,1340,2018,coupe,8ER
840i xDrive,1965,4851,1902,1340,2018,coupe,8ER
840i xDrive M Sport Pro,1965,4851,1902,1340,2018,coupe,8ER
840i xDrive M Sport by Individual,1965,4851,1902,1340,2018,coupe,8ER
840i,1965,4851,1902,1340,2018,coupe,8ER
M850i xDrive,1965,4851,1902,1340,2018,coupe,8ER
M850i xDrive M Sport by Individual,1965,4851,1902,1340,2018,coupe,8ER
M850i xDrive Golden Thunder Edition,1965,4851,1902,1340,2018,coupe,8ER
i3 120 Ah,1440,3999,1775,1578,2017,hatchback,I3
i3s 120 Ah,1440,3999,1775,1578,2017,hatchback,I3
i3 94 Ah REX,1440,3999,1775,1578,2013,hatchback,I3
1.5 Roadster,1595,4689,1942,1298,2017,cabriolet,I8
1.5,1535,4689,1942,1298,2017,coupe,I8
1.5 Pure Impulse,1490,4689,1942,1298,2014,coupe,I8
M2 CS,1550,4461,1871,1414,2017,coupe,2ER
M2 CS,1575,4461,1871,1414,2017,coupe,2ER
M2,1570,4468,1854,1410,2017,coupe,2ER
M2,1595,4468,1854,1410,2017,coupe,2ER
M2 Competition,1595,4468,1854,1410,2017,coupe,2ER
M2 Competition,1595,4468,1854,1410,2017,coupe,2ER
M2,1570,4432,1774,1418,2015,coupe,2ER
M2,1595,4432,1774,1418,2015,coupe,2ER
3.0,1520,4671,1877,1424,2013,sedan,3ER
3.0,1560,4671,1877,1424,2013,sedan,3ER
4.0,1680,4580,1817,1447,2007,sedan,3ER
4.0 DCT,1700,4580,1817,1447,2007,sedan,3ER
4.0,1885,4580,1817,1392,2007,cabriolet,3ER
4.0 DCT,1905,4580,1817,1392,2007,cabriolet,3ER
4.0 DCT,1675,4615,1804,1424,2006,coupe,3ER
4.0,1655,4615,1986,1418,2006,coupe,3ER
3.2,1570,4492,1780,1372,2000,coupe,3ER
3.0 Competition,1570,4638,1825,1392,2017,coupe,4ER
3.0 Competition,1570,4638,1825,1392,2017,coupe,4ER
3.0 Competition M Special,1570,4638,1825,1392,2017,coupe,4ER
3.0 Edition ///M Heritage,1570,4638,1825,1392,2017,coupe,4ER
3.0 CS,1570,4638,1825,1392,2017,coupe,4ER
3.0,1590,4671,1870,1393,2017,coupe,4ER
3.0,1615,4671,1870,1393,2017,coupe,4ER
3.0,1750,4671,1869,1387,2014,cabriolet,4ER
3.0,1790,4671,1869,1387,2014,cabriolet,4ER
3.0,1572,4671,1870,1383,2013,coupe,4ER
3.0,1612,4671,1870,1383,2013,coupe,4ER
3.0 100 Years Edition,1612,4671,1870,1383,2013,coupe,4ER
4.4 xDrive,1930,4965,1903,1473,2017,sedan,5ER
4.4 xDrive M Special,1930,4965,1903,1473,2017,sedan,5ER
4.4 xDrive First Edition,1930,4965,1903,1473,2017,sedan,5ER
4.4 xDrive SE,1930,4965,1903,1473,2017,sedan,5ER
4.4 xDrive Competition,1930,4965,1903,1473,2017,sedan,5ER
4.4 xDrive Competition M Special,1930,4965,1903,1473,2017,sedan,5ER
4.4 xDrive,1930,4965,1903,1473,2020,sedan,5ER
4.4 xDrive Competition,1930,4965,1903,1473,2020,sedan,5ER
4.4,1945,4910,1891,1456,2013,sedan,5ER
4.4,1945,4910,1891,1456,2011,sedan,5ER
5.0,1955,4855,1846,1512,2007,station_wagon,5ER
5.0,1855,4855,1846,1469,2005,sedan,5ER
5.0,1795,4783,1801,1412,1998,sedan,5ER
4.4,1980,4898,1899,1368,2015,cabriolet,6ER
4.4,1950,5011,1899,1393,2015,sedan,6ER
4.4,1850,4898,1899,1368,2015,coupe,6ER
4.4,1950,5011,1899,1393,2013,sedan,6ER
4.4,1980,4898,1899,1368,2012,cabriolet,6ER
4.4,1850,4898,1899,1368,2012,coupe,6ER
5.0,1785,4871,2043,1372,2005,coupe,6ER
4.4 xDrive,2085,4867,1907,1353,2019,cabriolet,8ER
4.4 xDrive Competition,2085,4867,1907,1353,2019,cabriolet,8ER
4.4 xDrive,1960,4867,1907,1362,2019,coupe,8ER
4.4 xDrive Competition,1960,4867,1907,1362,2019,coupe,8ER
4.4 xDrive,2055,5098,1943,1420,2019,sedan,8ER
4.4 xDrive Competition,2055,5098,1943,1420,2019,sedan,8ER
18i sDrive SAT,1430,4447,1821,1598,2019,allroad,X1
18i sDrive SAT Advantage,1430,4447,1821,1598,2019,allroad,X1
18i sDrive SAT SE,1430,4447,1821,1598,2019,allroad,X1
20i xDrive,1570,4447,1821,1598,2019,allroad,X1
20i xDrive Advantage,1570,4447,1821,1598,2019,allroad,X1
20i xDrive M Sport,1570,4447,1821,1598,2019,allroad,X1
18d xDrive,1605,4447,1821,1598,2019,allroad,X1
18d xDrive Advantage,1605,4447,1821,1598,2019,allroad,X1
18d xDrive Sport,1605,4447,1821,1598,2019,allroad,X1
18d xDrive Advantage Plus,1605,4447,1821,1598,2019,allroad,X1
18d xDrive M Sport,1605,4447,1821,1598,2019,allroad,X1
18d sDrive,1505,4439,1821,1598,2015,allroad,X1
18d sDrive,1545,4439,1821,1598,2015,allroad,X1
18i sDrive,1560,4439,1821,1598,2015,allroad,X1
18i sDrive Advantage,1560,4439,1821,1598,2015,allroad,X1
18i sDrive Sport,1560,4439,1821,1598,2015,allroad,X1
18i sDrive xLine,1560,4439,1821,1598,2015,allroad,X1
18i sDrive M Sport,1560,4439,1821,1598,2015,allroad,X1
20i sDrive,1560,4439,1821,1598,2015,allroad,X1
18d xDrive,1615,4439,1821,1598,2015,allroad,X1
18d xDrive Advantage,1615,4439,1821,1598,2015,allroad,X1
18d xDrive Sport,1615,4439,1821,1598,2015,allroad,X1
18d xDrive xLine,1615,4439,1821,1598,2015,allroad,X1
18d xDrive M Sport,1615,4439,1821,1598,2015,allroad,X1
18d xDrive xLine,1615,4439,1821,1598,2015,allroad,X1
18d xDrive Sport,1615,4439,1821,1598,2015,allroad,X1
18d xDrive Advantage,1615,4439,1821,1598,2015,allroad,X1
18d xDrive Advantage Plus,1615,4439,1821,1598,2015,allroad,X1
20i xDrive,1615,4439,1821,1598,2015,allroad,X1
20i xDrive Sport,1615,4439,1821,1598,2015,allroad,X1
20i xDrive Advantage,1615,4439,1821,1598,2015,allroad,X1
20i xDrive Sport,1615,4439,1821,1598,2015,allroad,X1
20i xDrive xLine,1615,4439,1821,1598,2015,allroad,X1
20i xDrive M Sport,1615,4439,1821,1598,2015,allroad,X1
20i xDrive Advantage,1615,4439,1821,1598,2015,allroad,X1
25i xDrive,1615,4439,1821,1598,2015,allroad,X1
25i xDrive Advantage,1615,4439,1821,1598,2015,allroad,X1
25i xDrive Sport,1615,4439,1821,1598,2015,allroad,X1
25i xDrive xLine,1615,4439,1821,1598,2015,allroad,X1
25i xDrive M Sport,1615,4439,1821,1598,2015,allroad,X1
20d xDrive,1625,4439,1821,1598,2015,allroad,X1
20d xDrive Advantage,1625,4439,1821,1598,2015,allroad,X1
20d xDrive Sport,1625,4439,1821,1598,2015,allroad,X1
20d xDrive xLine,1625,4439,1821,1598,2015,allroad,X1
20d xDrive M Sport,1625,4439,1821,1598,2015,allroad,X1
25d xDrive,1650,4439,1821,1598,2015,allroad,X1
25d xDrive Advantage,1650,4439,1821,1598,2015,allroad,X1
25d xDrive Sport,1650,4439,1821,1598,2015,allroad,X1
25d xDrive xLine,1650,4439,1821,1598,2015,allroad,X1
25d xDrive M Sport,1650,4439,1821,1598,2015,allroad,X1
18i sDrive,1430,4477,1798,1545,2012,allroad,X1
18i sDrive,1455,4477,1798,1545,2012,allroad,X1
18i sDrive,1455,4477,1798,1545,2012,allroad,X1
20i xDrive,1575,4477,1798,1545,2012,allroad,X1
20d xDrive,1575,4477,1798,1545,2012,allroad,X1
20d xDrive,1585,4477,1798,1545,2012,allroad,X1
20d xDrive Sport,1585,4477,1798,1545,2012,allroad,X1
20d xDrive xLine,1585,4477,1798,1545,2012,allroad,X1
20d xDrive Business,1585,4477,1798,1545,2012,allroad,X1
25d xDrive,1585,4477,1798,1545,2012,allroad,X1
20i xDrive xLine,1590,4477,1798,1545,2012,allroad,X1
20i xDrive Sport,1590,4477,1798,1545,2012,allroad,X1
20i xDrive,1590,4477,1798,1545,2012,allroad,X1
20i xDrive Business,1590,4477,1798,1545,2012,allroad,X1
28i xDrive xLine,1655,4477,1798,1545,2012,allroad,X1
25d xDrive,1660,4477,1798,1545,2012,allroad,X1
18i sDrive,1505,4454,1798,1545,2009,allroad,X1
18i sDrive Urban,1505,4454,1798,1545,2009,allroad,X1
18i sDrive,1530,4454,1798,1545,2009,allroad,X1
20d xDrive Lifestyle,1585,4454,1798,1545,2009,allroad,X1
20d xDrive Urban,1585,4454,1798,1545,2009,allroad,X1
23d xDrive,1585,4454,1798,1545,2009,allroad,X1
23d xDrive,1595,4454,1798,1545,2009,allroad,X1
20d xDrive,1650,4454,1798,1545,2009,allroad,X1
20d xDrive,1650,4454,1798,1545,2009,allroad,X1
20i xDrive,1650,4454,1798,1545,2009,allroad,X1
28i xDrive,1655,4454,1798,1545,2009,allroad,X1
20i xDrive,1665,4454,1798,1545,2009,allroad,X1
28i xDrive Exclusive,1670,4454,1798,1545,2009,allroad,X1
28i xDrive Lifestyle,1670,4454,1798,1545,2009,allroad,X1
25i xDrive,1675,4454,1798,1545,2009,allroad,X1
28i xDrive,1685,4454,1798,1545,2009,allroad,X1
18i sDrive DCT,1490,4360,1824,1526,2017,allroad,X2
18i sDrive DCT Advantage,1490,4360,1824,1526,2017,allroad,X2
18i sDrive DCT M Sport,1490,4360,1824,1526,2017,allroad,X2
18i sDrive DCT M Sport X,1490,4360,1824,1526,2017,allroad,X2
20i sDrive DCT,1535,4360,1824,1526,2017,allroad,X2
20i sDrive DCT Advantage,1535,4360,1824,1526,2017,allroad,X2
20i sDrive DCT M Sport,1535,4360,1824,1526,2017,allroad,X2
20i sDrive DCT M Sport X,1535,4360,1824,1526,2017,allroad,X2
20i xDrive DCT,1615,4360,1824,1526,2017,allroad,X2
20i xDrive DCT Advantage,1615,4360,1824,1526,2017,allroad,X2
20i xDrive DCT M Sport,1615,4360,1824,1526,2017,allroad,X2
20i xDrive DCT M Sport X,1615,4360,1824,1526,2017,allroad,X2
18d xDrive,1675,4360,1824,1526,2017,allroad,X2
18d xDrive Advantage,1675,4360,1824,1526,2017,allroad,X2
18d xDrive M Sport,1675,4360,1824,1526,2017,allroad,X2
18d xDrive M Sport X,1675,4360,1824,1526,2017,allroad,X2
20d xDrive,1675,4360,1824,1526,2017,allroad,X2
20d xDrive Advantage,1675,4360,1824,1526,2017,allroad,X2
20d xDrive M Sport,1675,4360,1824,1526,2017,allroad,X2
20d xDrive M Sport X,1675,4360,1824,1526,2017,allroad,X2
30i xDrive,1790,4708,1891,1676,2017,allroad,X3
30i xDrive M Sport,1790,4708,1891,1676,2017,allroad,X3
20i xDrive,1825,4708,1891,1676,2017,allroad,X3
20i xDrive Urban,1825,4708,1891,1676,2017,allroad,X3
20i xDrive Luxury,1825,4708,1891,1676,2017,allroad,X3
20d xDrive,1825,4708,1891,1676,2017,allroad,X3
20d xDrive Urban,1825,4708,1891,1676,2017,allroad,X3
20d xDrive M Sport,1825,4708,1891,1676,2017,allroad,X3
20d xDrive xLine,1825,4708,1891,1676,2017,allroad,X3
M40i xDrive,1885,4708,1891,1676,2017,allroad,X3
M40i xDrive M Special,1885,4708,1891,1676,2017,allroad,X3
30d xDrive,1895,4708,1891,1676,2017,allroad,X3
30d xDrive Luxury,1895,4708,1891,1676,2017,allroad,X3
30d xDrive M Sport,1895,4708,1891,1676,2017,allroad,X3
M40d xDrive,1895,4708,1891,1676,2017,allroad,X3
M40d xDrive M Special,1895,4708,1891,1676,2017,allroad,X3
xDrive M Special Edition,2045,4726,1897,1669,2017,allroad,X3
xDrive M Competition,2045,4726,1897,1669,2017,allroad,X3
20i xDrive,1695,4648,1881,1661,2014,allroad,X3
20d xDrive,1715,4648,1881,1661,2014,allroad,X3
20d xDrive,1725,4648,1881,1661,2014,allroad,X3
20d xDrive Special Edition,1725,4648,1881,1661,2014,allroad,X3
20d xDrive xLine,1725,4648,1881,1661,2014,allroad,X3
20d xDrive Urban,1725,4648,1881,1661,2014,allroad,X3
20i xDrive,1785,4648,1881,1661,2014,allroad,X3
20i xDrive M Sport,1785,4648,1881,1661,2014,allroad,X3
20i xDrive Urban,1785,4648,1881,1661,2014,allroad,X3
28i xDrive Lifestyle,1795,4648,1881,1661,2014,allroad,X3
28i xDrive Exclusive,1795,4648,1881,1661,2014,allroad,X3
35i xDrive,1805,4648,1881,1661,2014,allroad,X3
28i xDrive,1835,4648,1881,1661,2014,allroad,X3
30d xDrive,1875,4648,1881,1661,2014,allroad,X3
30d xDrive Exclusive,1875,4648,1881,1661,2014,allroad,X3
35d xDrive,1925,4648,1881,1661,2014,allroad,X3
20i xDrive,1695,4648,1881,1661,2010,allroad,X3
20d xDrive,1715,4648,1881,1661,2010,allroad,X3
20d xDrive Urban,1725,4648,1881,1661,2010,allroad,X3
20d xDrive,1725,4648,1881,1661,2010,allroad,X3
20d xDrive Special Edition,1725,4648,1881,1661,2010,allroad,X3
20i xDrive,1785,4648,1881,1661,2010,allroad,X3
20i xDrive Urban,1795,4648,1881,1661,2010,allroad,X3
28i xDrive Lifestyle,1795,4648,1881,1661,2010,allroad,X3
28i xDrive Exclusive,1795,4648,1881,1661,2010,allroad,X3
35i xDrive,1805,4648,1881,1661,2010,allroad,X3
28i xDrive,1835,4648,1881,1661,2010,allroad,X3
30d xDrive,1875,4648,1881,1661,2010,allroad,X3
30d xDrive Lifestyle,1875,4648,1881,1661,2010,allroad,X3
35d xDrive,1925,4648,1881,1661,2010,allroad,X3
20i xDrive,1730,4569,1853,1674,2006,allroad,X3
25i xDrive,1805,4569,1853,1674,2006,allroad,X3
25i xDrive,1805,4569,1853,1674,2006,allroad,X3
30i xDrive,1815,4569,1853,1674,2006,allroad,X3
30i xDrive,1815,4569,1853,1674,2006,allroad,X3
20d xDrive,1820,4569,1853,1674,2006,allroad,X3
20d xDrive,1820,4569,1853,1674,2006,allroad,X3
30d xDrive,1880,4569,1853,1674,2006,allroad,X3
30d xDrive,1880,4569,1853,1674,2006,allroad,X3
35d xDrive,1880,4569,1853,1674,2006,allroad,X3
2.0i xDrive,1835,4565,1853,1674,2003,allroad,X3
2.0d xDrive,1835,4565,1853,1674,2003,allroad,X3
2.5i xDrive Business,1835,4565,1853,1674,2003,allroad,X3
2.5i xDrive,1835,4565,1853,1674,2003,allroad,X3
3.0d xDrive Business,1835,4565,1853,1674,2003,allroad,X3
3.0i xDrive Business,1835,4565,1853,1674,2003,allroad,X3
3.0i xDrive Luxury,1835,4565,1853,1674,2003,allroad,X3
xDrive 3.0i Dynamic,1835,4565,1853,1674,2003,allroad,X3
20i xDrive,1795,4752,1918,1621,2018,allroad,X4
20i xDrive Lifestyle,1795,4752,1918,1621,2018,allroad,X4
30i xDrive,1795,4752,1918,1621,2018,allroad,X4
30i xDrive Exclusive,1795,4752,1918,1621,2018,allroad,X4
20d xDrive,1815,4752,1918,1621,2018,allroad,X4
20d xDrive xLine,1815,4752,1918,1621,2018,allroad,X4
20d xDrive M Sport,1815,4752,1918,1621,2018,allroad,X4
30d xDrive,1815,4752,1918,1621,2018,allroad,X4
30d xDrive M Sport,1815,4752,1918,1621,2018,allroad,X4
M40d xDrive,1815,4752,1918,1621,2018,allroad,X4
M40d xDrive M Special,1815,4752,1918,1621,2018,allroad,X4
M40i xDrive,1900,4752,1918,1621,2018,allroad,X4
M40i xDrive M Special,1900,4752,1918,1621,2018,allroad,X4
xDrive M Special Edition,2045,4758,1927,1620,2018,allroad,X4
xDrive M Competition,2045,4758,1927,1620,2018,allroad,X4
20i xDrive M Sport,1815,4671,1881,1624,2014,allroad,X4
20i xDrive xLine,1815,4671,1881,1624,2014,allroad,X4
20d xDrive,1815,4671,1881,1624,2014,allroad,X4
28i xDrive,1815,4671,1881,1624,2014,allroad,X4
28i xDrive Exclusive,1815,4671,1881,1624,2014,allroad,X4
28i xDrive M Sport,1815,4671,1881,1624,2014,allroad,X4
20d xDrive,1825,4671,1881,1624,2014,allroad,X4
20d xDrive M Sport,1825,4671,1881,1624,2014,allroad,X4
35i xDrive,1895,4671,1881,1624,2014,allroad,X4
30d xDrive,1900,4671,1881,1624,2014,allroad,X4
30d xDrive Exclusive,1900,4671,1881,1624,2014,allroad,X4
M40i xDrive,1920,4671,1881,1624,2014,allroad,X4
35d xDrive,1940,4671,1881,1624,2014,allroad,X4
40i xDrive,2135,4922,2004,1745,2018,allroad,X5
40i xDrive M Sport Pure,2135,4922,2004,1745,2018,allroad,X5
40i xDrive Luxury,2135,4922,2004,1745,2018,allroad,X5
40i xDrive M Sport Pro,2135,4922,2004,1745,2018,allroad,X5
25d xDrive Business,2145,4922,2004,1745,2018,allroad,X5
30d xDrive,2185,4922,2004,1745,2018,allroad,X5
30d xDrive Business Plus,2185,4922,2004,1745,2018,allroad,X5
30d xDrive Exclusive,2185,4922,2004,1745,2018,allroad,X5
30d xDrive xLine,2185,4922,2004,1745,2018,allroad,X5
30d xDrive M Sport,2185,4922,2004,1745,2018,allroad,X5
30d xDrive M Sport Plus,2185,4922,2004,1745,2018,allroad,X5
30d xDrive M Sport Pro,2185,4922,2004,1745,2018,allroad,X5
40d xDrive,2185,4922,2004,1745,2018,allroad,X5
40d xDrive M Sport Plus,2185,4922,2004,1745,2018,allroad,X5
40d xDrive M Sport Pro,2185,4922,2004,1745,2018,allroad,X5
M50d xDrive,2350,4922,2004,1745,2018,allroad,X5
M50d xDrive M Special,2350,4922,2004,1745,2018,allroad,X5
M50d xDrive M Special by Individual,2350,4922,2004,1745,2018,allroad,X5
50i xDrive,2361,4922,2004,1745,2018,allroad,X5
M50i xDrive,2361,4922,2004,1745,2018,allroad,X5
M50i xDrive M Special,2361,4922,2004,1745,2018,allroad,X5
M50i xDrive M Special by Individual,2361,4922,2004,1745,2018,allroad,X5
X5 M SE,2385,4938,2015,1747,2018,allroad,X5
X5 M Competition,2385,4938,2015,1747,2018,allroad,X5
X5 M Competition M Special,2385,4938,2015,1747,2018,allroad,X5
X5 M,2350,4880,1985,1754,2013,allroad,X5
35i xDrive Luxury,2030,4886,1938,1762,2013,allroad,X5
35i xDrive,2030,4886,1938,1762,2013,allroad,X5
35i xDrive Prestige,2030,4886,1938,1762,2013,allroad,X5
35i xDrive Pure Excellence,2030,4886,1938,1762,2013,allroad,X5
25d xDrive,2145,4886,1938,1762,2013,allroad,X5
25d xDrive Business,2145,4886,1938,1762,2013,allroad,X5
30d xDrive,2145,4886,1938,1762,2013,allroad,X5
30d xDrive Prestige,2145,4886,1938,1762,2013,allroad,X5
30d xDrive Luxury,2145,4886,1938,1762,2013,allroad,X5
30d xDrive Exclusive,2145,4886,1938,1762,2013,allroad,X5
30d xDrive M Sport,2145,4886,1938,1762,2013,allroad,X5
30d xDrive Pure Experience,2145,4886,1938,1762,2013,allroad,X5
40d xDrive,2185,4886,1938,1762,2013,allroad,X5
40d xDrive M Sport,2185,4886,1938,1762,2013,allroad,X5
40d xDrive M Sport Experience,2185,4886,1938,1762,2013,allroad,X5
50i xDrive,2250,4886,1938,1762,2013,allroad,X5
M50d xDrive,2265,4886,1938,1762,2013,allroad,X5
40e xDrive,2305,4886,1938,1762,2013,allroad,X5
4.4 xDrive M,2305,4851,1994,1764,2010,allroad,X5
4.4 xDrive M,2380,4851,1994,1764,2010,allroad,X5
30d xDrive,2075,4857,1933,1766,2010,allroad,X5
30d xDrive Luxury,2075,4857,1933,1766,2010,allroad,X5
30d xDrive Специальная серия,2075,4857,1933,1766,2010,allroad,X5
40d xDrive,2110,4857,1933,1766,2010,allroad,X5
40d xDrive M Sports Edition,2110,4857,1933,1766,2010,allroad,X5
35i xDrive,2070,4857,1933,1776,2010,allroad,X5
35i xDrive Luxury,2070,4857,1933,1776,2010,allroad,X5
50i xDrive,2190,4857,1933,1776,2010,allroad,X5
50i xDrive M Sports Edition,2190,4857,1933,1776,2010,allroad,X5
M50d xDrive,2225,4857,2010,1766,2010,allroad,X5
30i xDrive,2125,4854,1933,1766,2006,allroad,X5
30d xDrive Luxury,2180,4854,1933,1766,2006,allroad,X5
30d xDrive Sport,2180,4854,1933,1766,2006,allroad,X5
35d xDrive,2185,4854,1933,1766,2006,allroad,X5
48i xDrive Sport,2245,4854,1933,1766,2006,allroad,X5
48i xDrive Luxury,2245,4854,1933,1766,2006,allroad,X5
3.0i xDrive,2070,4667,1872,1750,2003,allroad,X5
3.0i xDrive,2095,4667,1872,1750,2003,allroad,X5
3.0d xDrive,2170,4667,1872,1750,2003,allroad,X5
3.0d xDrive,2180,4667,1872,1750,2003,allroad,X5
4.4i xDrive,2195,4667,1872,1750,2003,allroad,X5
4.8is xDrive,2275,4667,1872,1750,2003,allroad,X5
3.0i xDrive,2020,4667,1872,1707,1999,allroad,X5
4.4i xDrive,2095,4667,1872,1707,1999,allroad,X5
4.6is xDrive,2180,4667,1872,1707,1999,allroad,X5
40i xDrive,2130,4935,2004,1696,2019,allroad,X6
40i xDrive Luxury,2130,4935,2004,1696,2019,allroad,X6
40i xDrive M Sport Pure,2130,4935,2004,1696,2019,allroad,X6
40i xDrive M Sport Pro,2130,4935,2004,1696,2019,allroad,X6
30d xDrive,2185,4935,2004,1696,2019,allroad,X6
30d xDrive Business Plus,2185,4935,2004,1696,2019,allroad,X6
30d xDrive Ecxlusive,2185,4935,2004,1696,2019,allroad,X6
30d xDrive M Sport Plus,2185,4935,2004,1696,2019,allroad,X6
30d xDrive M Sport Pro,2185,4935,2004,1696,2019,allroad,X6
40d xDrive,2185,4935,2004,1696,2019,allroad,X6
40d xDrive M Sport Pro,2185,4935,2004,1696,2019,allroad,X6
M50i xDrive,2310,4935,2004,1696,2019,allroad,X6
M50i xDrive M Special,2310,4935,2004,1696,2019,allroad,X6
M50i xDrive M Special by Individual,2310,4935,2004,1696,2019,allroad,X6
M50d xDrive,2335,4935,2004,1696,2019,allroad,X6
M50d xDrive M Special,2335,4935,2004,1696,2019,allroad,X6
M50d xDrive M Special by Individual,2335,4935,2004,1696,2019,allroad,X6
X6 M SE,2370,4941,2019,1652,2019,allroad,X6
X6 M Competition,2370,4941,2019,1652,2019,allroad,X6
X6 M Competition M Special,2370,4941,2019,1652,2019,allroad,X6
X6 M,2340,4909,1989,1689,2014,allroad,X6
35i xDrive,2100,4909,1989,1702,2014,allroad,X6
35i xDrive Prestige,2100,4909,1989,1702,2014,allroad,X6
35i xDrive Luxury,2100,4909,1989,1702,2014,allroad,X6
30d xDrive,2140,4909,1989,1702,2014,allroad,X6
30d xDrive Prestige,2140,4909,1989,1702,2014,allroad,X6
30d xDrive Luxury,2140,4909,1989,1702,2014,allroad,X6
30d xDrive M Sport,2140,4909,1989,1702,2014,allroad,X6
30d xDrive Pure Extravagance,2140,4909,1989,1702,2014,allroad,X6
30d xDrive M Sport Pure,2140,4909,1989,1702,2014,allroad,X6
30d xDrive Business,2140,4909,1989,1702,2014,allroad,X6
40d xDrive,2180,4909,1989,1702,2014,allroad,X6
40d xDrive M Sport,2180,4909,1989,1702,2014,allroad,X6
40d xDrive M Sport Extravagance,2180,4909,1989,1702,2014,allroad,X6
50i xDrive,2245,4909,1989,1702,2014,allroad,X6
M50d xDrive,2260,4909,1989,1702,2014,allroad,X6
4.4 M,2380,4876,1983,1684,2012,allroad,X6
35i xDrive,2145,4877,1983,1699,2012,allroad,X6
30d xDrive,2150,4877,1983,1699,2012,allroad,X6
40d xDrive,2185,4877,1983,1699,2012,allroad,X6
M50d xDrive,2225,4877,1983,1699,2012,allroad,X6
50i xDrive,2265,4877,1983,1699,2012,allroad,X6
4.4 M,2305,4876,1983,1684,2008,allroad,X6
35i xDrive,2145,4877,1983,1690,2008,allroad,X6
30d xDrive,2150,4877,1983,1690,2008,allroad,X6
35d xDrive,2185,4877,1983,1690,2008,allroad,X6
40d xDrive,2185,4877,1983,1690,2008,allroad,X6
50i xDrive,2265,4877,1983,1690,2008,allroad,X6
xDrive ActiveHybrid,2525,4877,1983,1697,2008,allroad,X6
40i xDrive,2395,5151,2218,1805,2018,allroad,X7
40i xDrive M Sport Pure,2395,5151,2218,1805,2018,allroad,X7
40i xDrive Pure Excellence,2395,5151,2218,1805,2018,allroad,X7
40i xDrive Exclusive,2395,5151,2218,1805,2018,allroad,X7
40i xDrive M Sport Plus,2395,5151,2218,1805,2018,allroad,X7
40i xDrive M Sport Pro,2395,5151,2218,1805,2018,allroad,X7
30d xDrive,2445,5151,2218,1805,2018,allroad,X7
30d xDrive Business Plus,2445,5151,2218,1805,2018,allroad,X7
30d xDrive M Sport Plus,2445,5151,2218,1805,2018,allroad,X7
30d xDrive M Sport Pro,2445,5151,2218,1805,2018,allroad,X7
30d xDrive Exclusive,2445,5151,2218,1805,2018,allroad,X7
M50d,2535,5151,2218,1805,2018,allroad,X7
M50d Special,2535,5151,2218,1805,2018,allroad,X7
M50d Special by Individual,2535,5151,2218,1805,2018,allroad,X7
M50d Dark Shadow Edition,2535,5151,2218,1805,2018,allroad,X7
M50i,2555,5151,2218,1805,2018,allroad,X7
M50i M Special,2555,5151,2218,1805,2018,allroad,X7
M50i M Special by Individual,2555,5151,2218,1805,2018,allroad,X7
M50i Dark Shadow Edition,2555,5151,2218,1805,2018,allroad,X7
2.5,1250,3921,1690,1277,1988,cabriolet,Z1
3.2 М,1425,4025,1740,1266,1999,coupe,Z3
3.0i,1360,4025,1740,1293,1999,coupe,Z3
3.0i,1360,4025,1740,1293,1999,coupe,Z3
1.9,1275,4025,1692,1288,1999,cabriolet,Z3
1.9,1295,4025,1692,1288,1999,cabriolet,Z3
1.9,1315,4025,1692,1288,1999,cabriolet,Z3
3.2 М,1425,4025,1740,1266,1999,cabriolet,Z3
2.8,1360,4025,1740,1293,1999,cabriolet,Z3
2.8,1400,4025,1740,1293,1999,cabriolet,Z3
3.2 М,1425,4025,1740,1266,1998,coupe,Z3
2.8,1360,4025,1740,1293,1998,coupe,Z3
1.9,1275,4025,1692,1288,1996,cabriolet,Z3
1.9,1295,4025,1692,1288,1996,cabriolet,Z3
1.9,1315,4025,1692,1288,1996,cabriolet,Z3
3.2 М,1425,4025,1740,1266,1996,cabriolet,Z3
2.8,1360,4025,1740,1293,1996,cabriolet,Z3
2.8,1400,4025,1740,1293,1996,cabriolet,Z3
20i sDrive,1480,4324,1864,1304,2018,cabriolet,Z4
20i sDrive M Sport,1480,4324,1864,1304,2018,cabriolet,Z4
30i sDrive,1490,4324,1864,1304,2018,cabriolet,Z4
30i sDrive M Sport Pro,1490,4324,1864,1304,2018,cabriolet,Z4
M40i,1610,4324,1864,1304,2018,cabriolet,Z4
M40i M Special,1610,4324,1864,1304,2018,cabriolet,Z4
20i sDrive,1470,4239,1790,1291,2013,cabriolet,Z4
28i sDrive,1475,4239,1790,1291,2013,cabriolet,Z4
20i sDrive,1495,4239,1790,1291,2013,cabriolet,Z4
28i sDrive,1495,4239,1790,1291,2013,cabriolet,Z4
35i sDrive,1580,4239,1790,1291,2013,cabriolet,Z4
35i sDrive,1600,4239,1790,1291,2013,cabriolet,Z4
35i sDrives,1600,4244,1790,1284,2013,cabriolet,Z4
20i sDrive,1470,4239,1790,1291,2009,cabriolet,Z4
28i sDrive,1475,4239,1790,1291,2009,cabriolet,Z4
23i sDrive,1480,4239,1790,1291,2009,cabriolet,Z4
30i sDrive,1490,4239,1790,1291,2009,cabriolet,Z4
23i sDrive,1505,4239,1790,1291,2009,cabriolet,Z4
30i sDrive,1505,4239,1790,1291,2009,cabriolet,Z4
35i sDrive,1580,4239,1790,1291,2009,cabriolet,Z4
35i sDrive,1600,4239,1790,1291,2009,cabriolet,Z4
35i sDrives,1600,4239,1790,1291,2009,cabriolet,Z4
35i sDrives,1600,4239,1790,1291,2009,cabriolet,Z4
2.0i,1295,4091,1781,1299,2006,cabriolet,Z4
2.5Si,1360,4091,1781,1299,2006,cabriolet,Z4
2.5Si,1360,4091,1781,1299,2006,cabriolet,Z4
3.0Si,1385,4091,1781,1299,2006,cabriolet,Z4
3.0Si,1385,4091,1781,1299,2006,cabriolet,Z4
3.2i M,1485,4113,1781,1302,2006,cabriolet,Z4
3.0Si,1385,4091,1781,1268,2006,coupe,Z4
3.0Si,1385,4091,1781,1268,2006,coupe,Z4
3.2i M,1495,4113,1781,1271,2006,coupe,Z4
2.0i,1295,4091,1781,1299,2002,cabriolet,Z4
2.5i,1335,4091,1781,1299,2002,cabriolet,Z4
3.0i,1365,4091,1781,1299,2002,cabriolet,Z4
5.0,1660,4400,1830,1317,2000,cabriolet,Z8
